id,V1,V2,V3
1,2.072345,-3.241693,14
2,17.93671,15.78481,16
3,1.083576,7.319176,1
4,11.12067,14.40678,10
5,23.71155,2.557729,1
6,24.16993,32.02478,3
7,21.66578,4.892855,3
8,4.693684,12.34217,1
9,19.21191,-1.121366,16
10,4.230391,-4.441536,15
11,9.12713,23.60572,17
12,0.4075031,15.29705,5
13,7.314846,3.309312,3
14,-3.438403,-12.02527,14
15,17.63935,-3.212345,20
16,4.415292,22.81555,14
17,11.94122,8.122487,9
18,0.7258532,1.806819,8
19,8.185273,28.1326,3
20,-5.773587,1.0248,0
21,18.76943,24.16946,11
22,7.752016,-3.334991,18
23,10.61132,28.44378,0
24,2.02165,-4.687122,5
25,5.145525,11.186,7
26,6.24331,19.47716,11
27,-11.70671,8.073185,11
28,7.255978,14.63704,5
29,3.392373,1.220712,8
30,24.2999,40.42887,20
31,4.094005,6.944695,16
32,11.80358,-2.445336,7
33,0.09228785,-6.651035,4
34,28.50607,-9.091833,7
35,23.40831,7.931438,7
36,10.56305,12.54468,7
37,20.14157,11.11789,8
38,-1.871265,8.60885,6
39,29.30237,14.02176,20
40,18.65383,17.21672,19
41,-2.972188,6.370999,2
42,10.32313,12.11574,4
43,16.90539,-1.355044,16
44,6.75371,12.02797,1
45,23.94777,13.35047,11
46,6.883513,6.188563,0
47,-1.241542,10.08179,13
48,20.50827,-1.57887,14
49,-3.75683,1.60851,17
50,17.9176,13.09896,9
51,2.002537,-0.656524,2
52,10.7768,15.5336,13
53,24.15819,5.330366,5
54,0.3268727,7.288787,17
55,21.64777,14.00506,2
56,6.871417,21.51998,4
57,15.14264,5.111947,20
58,11.54712,4.75756,11
59,0.6611676,-10.14263,15
60,-13.66531,16.93903,6
61,24.90937,-10.82038,9
62,-4.53022,-6.173767,5
63,3.163677,8.051481,8
64,1.495172,-7.261601,8
65,7.097637,2.105751,15
66,3.509483,24.58487,12
67,12.99879,24.91248,14
68,0.3593824,6.387915,6
69,14.35429,-2.252421,11
70,3.831208,-2.000873,6
71,31.40462,26.77209,0
72,-5.501097,13.39128,19
73,-1.04476,5.955898,17
74,4.409013,9.323681,1
75,2.917201,16.53999,2
76,7.265954,10.64794,17
77,10.32038,13.36857,9
78,9.35213,10.42427,12
79,6.648532,11.07535,12
80,-1.922306,4.888493,14
81,7.22604,13.02948,10
82,8.327288,8.540999,19
83,17.69046,21.59555,0
84,16.58353,18.16115,6
85,12.35425,31.96708,20
86,2.471138,5.482761,5
87,18.4925,29.42421,6
88,10.1196,7.162078,6
89,20.40245,3.943319,18
90,12.71589,4.531656,1
91,24.35859,-4.0644,10
92,21.74312,15.90887,6
93,12.27208,-9.612116,1
94,18.29681,22.38563,11
95,3.530957,8.673297,19
96,5.026042,36.03767,6
97,-0.8633009,-7.586249,3
98,26.83892,13.13713,16
99,19.11999,7.209715,0
100,-0.8841637,27.15254,16
101,-5.191529,29.65612,17
102,9.796095,15.43598,20
103,11.66314,10.63428,11
104,9.925199,26.80364,20
105,33.90998,15.02652,12
106,9.57004,9.2481,3
107,-16.2653,13.90024,9
108,15.10579,3.350049,10
109,-4.186504,7.96441,7
110,12.54816,32.51867,9
111,-7.733469,9.634491,7
112,18.91337,15.7414,16
113,-1.050022,-4.003455,11
114,-6.894765,1.041802,15
115,23.05031,-12.76934,2
116,25.96073,11.44522,12
117,7.950795,6.811407,4
118,-3.669517,-4.329696,6
119,10.52266,23.3561,12
120,26.29452,10.51806,14
121,12.42904,23.15663,15
122,0.1170239,24.65274,0
123,-1.040023,1.629857,3
124,11.16266,9.0201,17
125,13.61452,0.8832188,11
126,8.028045,14.82966,18
127,20.40253,22.0472,17
128,8.818028,18.90424,20
129,-0.3163153,21.40601,19
130,7.190193,9.13962,20
131,-0.4711474,-8.29095,1
132,16.6546,-1.519889,1
133,10.51711,-5.018592,16
134,17.96306,14.46713,2
135,-1.315535,11.6027,7
136,5.113728,3.961434,17
137,32.25842,-2.712702,13
138,-10.59094,15.40292,3
139,21.60892,17.75002,8
140,11.31144,1.031762,3
141,11.30595,3.068958,13
142,15.51137,8.943091,0
143,15.37201,18.17922,7
144,3.77755,13.33419,18
145,17.27989,13.97798,1
146,-3.349734,26.6599,10
147,15.72571,6.373983,10
148,25.50999,15.15837,19
149,16.68281,18.95937,15
150,-4.734694,24.09568,12
151,25.08795,19.69376,16
152,7.038364,10.6667,16
153,4.521214,-6.635304,19
154,6.454509,13.66272,20
155,5.322541,22.3855,18
156,0.6316529,19.79414,4
157,-5.669132,11.32511,11
158,9.843806,-4.695499,1
159,15.39168,14.14527,3
160,1.289581,10.09948,18
161,17.10334,6.207793,20
162,17.13273,6.609228,20
163,9.70176,12.33497,7
164,18.80351,-3.160759,8
165,6.08478,4.689186,13
166,-6.025192,26.61258,16
167,4.237603,7.315439,19
168,16.82231,8.13356,12
169,-4.768829,28.65819,16
170,0.5061416,4.946298,14
171,12.57349,10.41494,13
172,16.35374,6.874306,19
173,0.1009744,2.590253,6
174,13.67556,-12.72959,18
175,2.477362,8.42026,9
176,14.99279,15.16393,3
177,29.71711,15.62874,2
178,17.48491,3.3823,5
179,13.45815,-4.13764,8
180,2.2072,-1.554494,7
181,23.05134,24.39491,10
182,32.74222,25.56641,20
183,15.56297,24.94262,5
184,8.132651,8.998712,16
185,0.4580866,-9.891244,2
186,-9.164294,5.029294,3
187,-3.031709,20.23346,17
188,12.12393,15.103,20
189,19.95281,29.14982,15
190,13.00477,27.23093,5
191,10.4399,25.7741,16
192,0.351724,12.2222,2
193,10.37312,6.863773,11
194,17.95419,4.455694,6
195,21.06292,3.607867,5
196,6.069686,9.325338,6
197,14.00808,11.5225,4
198,-1.777792,14.62108,4
199,0.7525703,-7.381838,10
200,-2.329547,5.070321,13
201,1.77457,6.278572,18
202,10.69576,16.30571,15
203,18.11151,34.12422,20
204,0.2417766,27.04643,15
205,-0.4202355,4.105829,14
206,15.41425,14.78257,3
207,8.463556,23.04895,8
208,12.03072,17.41157,18
209,18.68731,6.949079,5
210,6.369355,5.700326,2
211,21.82924,5.564074,7
212,7.61541,-5.024377,10
213,5.823252,18.40279,9
214,22.35203,8.526174,2
215,6.434616,21.16974,1
216,0.5560946,-4.866076,17
217,6.737062,-11.7331,16
218,-1.392677,14.64543,20
219,4.935136,24.86809,14
220,20.35508,26.98124,9
221,8.624667,10.67174,2
222,16.31749,11.64083,13
223,9.014875,14.42246,3
224,17.59833,26.66023,19
225,2.636649,24.04782,14
226,13.82606,16.27159,15
227,10.39783,3.804893,19
228,-6.27359,3.878999,16
229,-11.88057,0.1788024,6
230,21.02048,9.690716,12
231,18.25632,16.94127,17
232,24.96351,-1.158215,9
233,10.13696,6.446662,12
234,3.509066,16.55414,0
235,2.409921,-0.3445188,17
236,16.0843,7.562616,17
237,5.987025,7.456533,3
238,12.63902,14.35081,0
239,7.392535,22.61304,5
240,10.37212,-1.25827,17
241,-19.01791,0.6507304,12
242,3.030817,4.580993,0
243,34.0303,-3.716423,16
244,-5.843476,13.79137,7
245,36.95611,-1.245269,17
246,-0.188409,-1.86653,0
247,17.28285,1.558553,17
248,8.9204,29.19455,2
249,-5.873556,6.456733,17
250,17.76259,24.02293,12
251,12.49482,22.47067,3
252,12.6087,3.212588,13
253,3.606599,14.24789,11
254,20.48342,13.74531,5
255,31.6423,13.04685,3
256,4.745898,7.317133,15
257,-5.295478,6.001008,8
258,7.238307,19.98631,4
259,6.144599,19.91034,6
260,9.837835,8.336385,19
261,18.64695,5.146764,6
262,-0.5638628,9.673976,19
263,5.21368,21.83143,2
264,-0.1993878,9.176207,1
265,22.42831,8.390862,4
266,19.39561,-7.412824,19
267,31.28428,4.131464,1
268,8.380888,0.2647594,16
269,7.84069,13.20062,7
270,23.85992,6.171501,16
271,6.188661,24.92638,0
272,18.08387,19.74208,16
273,14.23096,12.43815,8
274,14.4807,8.661634,1
275,30.91987,17.57755,8
276,4.117051,3.299065,20
277,18.10072,9.572447,18
278,-3.777019,1.115207,19
279,18.47156,8.861407,1
280,30.69195,21.9132,12
281,1.838687,13.1765,3
282,14.22135,16.96163,4
283,27.70961,10.52575,1
284,9.956135,7.890054,7
285,11.7273,14.00086,10
286,2.154482,14.16347,7
287,-0.2120434,1.330881,0
288,-1.738983,16.9849,18
289,2.299075,-0.2934258,12
290,22.01149,-0.4469464,15
291,4.275241,16.67383,11
292,19.38943,4.436821,19
293,8.80722,13.23823,6
294,-0.7658179,-4.004811,7
295,12.69128,13.52916,14
296,12.73131,7.050802,13
297,8.388222,23.45347,3
298,23.42708,4.598641,3
299,4.046104,7.634936,19
300,7.667025,3.193633,12
301,22.60801,5.13032,19
302,14.74391,28.76733,4
303,20.53201,8.01565,12
304,16.46037,16.81531,18
305,12.70669,11.48214,14
306,-1.474059,3.329562,7
307,35.04961,14.4484,4
308,2.529177,15.56721,18
309,28.9961,-15.57834,15
310,10.57878,6.307686,7
311,5.52815,14.12427,20
312,12.48016,2.728922,15
313,18.10028,3.891689,18
314,11.17125,11.10063,5
315,14.58538,25.99213,12
316,27.21567,-1.980637,2
317,-1.40271,22.3755,16
318,-14.66871,9.792318,14
319,28.25157,14.28507,12
320,2.688756,3.029997,9
321,9.58344,12.00506,7
322,3.65772,1.649871,0
323,3.575705,14.80241,19
324,34.62557,4.384648,17
325,36.12292,12.05849,0
326,12.56065,-4.733039,9
327,37.48364,34.12808,16
328,1.915274,22.28056,1
329,18.14029,3.569117,19
330,-1.214981,-3.318584,4
331,7.646434,29.92259,19
332,-2.844509,13.71118,3
333,14.62733,16.4933,10
334,-0.3742695,15.06495,15
335,10.15795,13.33612,20
336,19.4574,11.29307,8
337,-6.23644,9.581524,5
338,0.2870638,6.756246,15
339,7.025387,8.299629,17
340,6.205405,29.41931,2
341,12.37304,4.152157,1
342,-8.001964,15.62843,20
343,9.879504,13.94365,5
344,12.83222,20.98375,20
345,10.71142,18.59333,6
346,10.09704,9.915216,16
347,17.89963,6.451302,5
348,-6.720686,14.99367,20
349,3.712734,7.361372,20
350,-16.22395,17.81785,2
351,8.71418,24.10122,0
352,17.05254,5.227864,12
353,-14.69171,31.79987,1
354,7.943416,10.26803,4
355,14.00498,21.54721,8
356,-1.302871,2.063343,20
357,-0.7624772,7.001412,15
358,21.54626,21.13478,0
359,1.232726,12.78234,1
360,1.602791,2.210584,5
361,-6.679344,12.61919,19
362,-6.89254,2.942795,13
363,12.32427,22.68294,15
364,21.02468,26.13788,6
365,6.443124,-3.984948,0
366,22.39199,13.58907,7
367,18.06598,2.753522,7
368,8.136961,22.73404,18
369,13.14208,24.21235,16
370,11.51451,15.92228,0
371,-2.505605,15.30741,7
372,3.29959,13.2484,13
373,-4.795219,1.21583,14
374,29.08478,10.30137,15
375,5.12492,4.627426,19
376,17.06078,9.965354,2
377,-0.340825,11.85959,7
378,15.29532,9.07695,11
379,6.39995,23.04672,6
380,14.52243,17.69336,12
381,28.85673,4.007334,2
382,10.77192,5.787269,13
383,7.428645,15.77705,11
384,-6.637651,14.04711,14
385,17.08812,8.223101,4
386,15.07757,-13.68943,16
387,-22.15215,9.511638,14
388,5.04531,1.784843,7
389,-2.521792,-7.60383,10
390,32.85505,0.3210041,17
391,6.070759,5.579687,3
392,3.508814,-3.738329,11
393,9.818843,2.407706,19
394,11.93353,18.78467,4
395,2.850058,-4.31489,8
396,5.20408,6.957638,4
397,13.56349,9.16074,15
398,2.631175,5.677225,19
399,6.517994,-0.974309,8
400,15.80081,19.64233,7
401,14.07388,-1.577052,14
402,-3.888388,0.4062882,19
403,18.69151,10.06134,3
404,21.0912,26.45951,13
405,2.459292,6.838326,12
406,6.513192,-0.7243317,6
407,24.3063,14.39751,13
408,13.94559,0.7581209,2
409,-2.664707,-6.36948,13
410,8.106246,0.4920085,5
411,17.07317,25.84198,1
412,6.049433,22.92962,13
413,23.94025,27.27981,3
414,-7.401308,-3.555808,14
415,2.926755,22.41698,12
416,-2.774311,-21.36068,8
417,-3.094624,16.60375,20
418,15.66338,18.60818,5
419,22.3694,20.29701,7
420,-0.984013,23.2461,0
421,28.63485,4.79718,12
422,21.88014,12.66741,19
423,-3.621506,4.750143,3
424,12.52111,8.46408,4
425,-22.49599,0.1392916,12
426,17.33361,3.268888,18
427,-6.884011,-1.824905,16
428,10.21154,24.45211,13
429,12.14809,12.06576,5
430,-1.924867,-0.1361344,13
431,21.60187,10.23303,14
432,15.66342,13.89372,8
433,15.0212,9.187742,15
434,13.60186,16.88655,0
435,4.554105,37.17632,1
436,12.56063,7.900061,20
437,-11.53464,11.63952,19
438,24.58798,1.860825,15
439,-8.381909,14.35407,9
440,-6.114265,7.363373,1
441,-5.19861,12.78676,16
442,21.17985,10.36981,8
443,6.734995,23.19933,6
444,10.19698,15.43111,13
445,12.04076,17.23649,2
446,25.86829,2.396404,14
447,-5.335044,7.578044,18
448,9.824228,6.06933,11
449,14.24967,27.39351,3
450,5.553391,13.30626,2
451,9.224884,-2.702723,4
452,16.72743,15.95237,13
453,13.19714,14.47518,13
454,13.47672,-4.123874,9
455,6.28349,11.55091,4
456,15.38618,-8.226192,10
457,10.96815,9.922543,1
458,14.3925,3.203174,0
459,22.91966,20.66688,1
460,12.9942,15.3486,0
461,24.38812,18.26395,1
462,-9.467832,0.6434593,1
463,-5.988947,22.67049,12
464,-1.766619,18.50818,0
465,-2.997209,15.36209,11
466,-2.980586,14.54187,1
467,19.18525,12.05587,3
468,18.62052,-6.348775,7
469,4.541831,3.586799,5
470,2.029832,35.52395,15
471,18.08133,6.853875,3
472,16.55184,29.25978,14
473,20.81487,0.2041338,4
474,4.773241,11.55061,10
475,17.54123,24.48917,19
476,11.232,27.95659,0
477,19.88413,3.37349,15
478,-3.511829,6.03616,9
479,19.83789,5.660164,18
480,21.5811,2.308901,11
481,12.77548,11.26171,8
482,-3.640386,-8.611116,14
483,22.1939,13.67507,6
484,24.52809,3.520373,5
485,-2.055682,19.0635,13
486,22.10497,10.32231,20
487,11.01341,25.31104,12
488,19.34416,17.96907,0
489,-3.011348,22.65403,15
490,4.864152,-1.24612,20
491,-12.93381,4.052313,11
492,-3.225042,2.066012,1
493,27.51631,9.72616,13
494,15.95689,0.2902336,13
495,5.763955,18.51403,17
496,24.53113,23.72683,6
497,12.13776,-1.241701,10
498,-6.742276,10.8888,13
499,1.712732,14.68423,20
500,4.114345,23.43694,10
501,24.57423,17.20925,6
502,12.09148,-2.061826,9
503,6.380095,19.50401,4
504,15.4881,21.71908,2
505,3.572731,-3.078149,4
506,26.35669,20.47212,4
507,14.78471,23.34586,12
508,-1.279279,0.9330042,2
509,0.01129247,8.008012,4
510,5.984768,1.961941,1
511,8.858572,17.18472,5
512,19.37649,2.122504,19
513,9.10579,19.51155,13
514,9.643453,6.241649,4
515,-3.109174,18.91863,0
516,10.541,-3.394954,13
517,4.573325,11.78297,18
518,22.98676,10.07359,20
519,-10.77961,14.08271,10
520,5.63292,18.08959,1
521,5.782557,12.32168,4
522,27.1903,10.58244,11
523,8.92082,30.34188,17
524,-1.781047,10.98773,14
525,-0.7274996,-7.879213,4
526,23.33998,16.66643,9
527,16.00585,1.374964,7
528,22.97108,15.7172,17
529,8.993785,-9.014578,5
530,8.249774,-2.679776,16
531,5.368688,12.60516,12
532,25.45515,22.22258,8
533,16.10149,11.38547,6
534,25.9423,5.396589,8
535,13.96851,23.8073,4
536,1.059773,2.482886,13
537,11.19896,27.34923,11
538,10.01848,12.379,19
539,-5.964017,14.30957,9
540,14.69272,13.94027,13
541,5.162226,-3.949188,12
542,16.13654,2.491281,8
543,-8.427487,17.28569,13
544,17.46026,23.52985,2
545,4.839787,2.035094,4
546,24.78075,8.787683,9
547,3.28531,-2.704306,11
548,1.317184,13.35289,12
549,5.000647,13.50562,14
550,-2.902717,2.24029,1
551,12.86082,12.72926,4
552,6.369858,11.56653,4
553,5.91316,24.22981,13
554,-4.098757,-5.008349,12
555,-0.7625945,18.5798,9
556,15.58506,11.27319,19
557,5.403196,11.22043,10
558,-1.124667,31.28172,8
559,6.120589,10.16824,2
560,6.07585,31.16029,1
561,-8.399909,8.830895,17
562,36.17882,-22.1776,13
563,2.199297,12.84548,7
564,8.845364,21.62596,19
565,-14.18104,1.871214,7
566,34.64086,11.64993,6
567,-0.7696695,8.42469,11
568,-6.12447,23.05465,15
569,-14.65142,10.9695,12
570,11.58703,14.49658,0
571,0.8204501,10.62322,4
572,28.5049,10.30336,9
573,-8.36784,4.386019,5
574,32.45148,7.488423,18
575,6.733568,18.12497,5
576,10.64451,16.76856,5
577,3.219324,19.57019,9
578,10.74578,27.00378,13
579,4.207717,2.851358,6
580,13.87413,13.78015,5
581,-10.31962,15.46054,11
582,11.65267,1.74313,3
583,25.78439,2.961885,12
584,12.48763,18.15628,15
585,7.276056,14.08258,13
586,9.188286,18.24487,14
587,7.066136,17.03944,7
588,2.462034,7.644942,13
589,12.10048,15.32802,12
590,-0.531199,13.14534,19
591,10.19152,5.414252,14
592,8.34839,17.09359,10
593,-7.409304,15.4642,6
594,15.99423,13.51288,2
595,-6.608865,-0.9393074,18
596,13.86558,6.094001,7
597,24.64994,6.494246,12
598,20.51858,17.59508,5
599,11.26143,2.013683,18
600,5.034868,7.499159,13
601,1.19408,23.50754,11
602,13.19178,12.76363,8
603,9.728273,11.80716,19
604,13.9332,15.7472,4
605,18.43648,12.18253,2
606,12.60749,32.6225,18
607,6.429051,1.972634,13
608,12.33216,-14.73958,16
609,17.02514,8.819268,3
610,39.89024,23.99687,17
611,20.98933,17.29635,7
612,11.65338,-5.657587,0
613,15.09138,25.02662,11
614,11.22707,-8.075131,19
615,10.76558,-4.988425,1
616,3.910868,18.41193,11
617,9.769555,15.26871,9
618,12.98944,5.868339,8
619,15.62113,6.474136,20
620,10.13399,-2.499796,1
621,1.27228,6.644602,20
622,28.93972,2.331538,0
623,-10.50514,20.75097,7
624,0.2242924,22.1642,17
625,23.20978,11.40963,14
626,17.61025,1.974165,11
627,7.37956,-5.537147,3
628,10.10124,5.680655,6
629,18.15361,9.892188,11
630,21.83601,26.09115,19
631,19.94091,14.92146,4
632,-1.475135,8.28278,12
633,-7.943031,-3.830219,7
634,11.30458,8.819062,14
635,20.7643,6.118451,10
636,12.46828,7.275093,17
637,16.64017,1.672324,20
638,-11.45466,7.741682,4
639,7.891755,-8.190833,6
640,5.29503,24.11116,8
641,6.695052,20.8704,15
642,5.536268,15.65921,13
643,-1.786147,18.38471,20
644,10.10925,19.37812,9
645,12.36446,25.65443,20
646,24.26076,6.211672,6
647,-2.913374,-0.5345634,6
648,19.30486,14.99081,17
649,-7.134083,-5.31856,14
650,6.658128,-0.8207126,12
651,13.56779,3.181591,12
652,9.165157,12.44468,14
653,16.57652,19.44045,4
654,13.04035,25.82305,16
655,12.10189,-7.604383,1
656,3.820956,7.389069,10
657,10.48589,11.97492,16
658,15.89318,17.60414,15
659,4.465372,18.83929,15
660,6.583345,25.99912,15
661,-3.657566,8.821053,19
662,9.940546,-12.20743,3
663,28.13562,-7.671818,17
664,7.351463,3.724133,10
665,25.14936,4.756451,13
666,-6.347524,11.70047,15
667,8.469816,1.854826,6
668,15.9227,21.05449,10
669,13.16243,22.88495,17
670,6.61163,7.602462,12
671,14.55212,-1.466516,3
672,5.984364,2.761451,4
673,-2.990747,18.67975,7
674,10.47763,13.9604,14
675,15.70686,3.711452,13
676,31.10299,3.897385,2
677,-0.2682848,14.07392,0
678,15.77137,3.525233,13
679,-4.961974,27.05419,6
680,10.78593,2.022093,10
681,18.0671,31.1079,3
682,7.007197,16.15708,8
683,5.324583,16.39802,20
684,25.69982,3.056635,7
685,20.72,23.58926,20
686,2.090151,9.11213,7
687,14.57106,-6.990855,11
688,15.51143,-5.554229,13
689,25.34928,25.96264,18
690,-2.523716,6.682418,13
691,-0.2446706,-0.7271909,11
692,-3.787227,2.679385,6
693,4.146919,13.84954,14
694,3.629787,-4.12287,9
695,27.08326,19.22561,19
696,9.194675,18.3967,13
697,12.34312,2.642345,14
698,7.808154,4.437537,0
699,11.60988,7.291999,20
700,5.989497,8.107,7
701,4.259952,9.585877,5
702,16.38846,16.90853,19
703,5.568457,7.260552,2
704,22.8137,7.456842,18
705,14.04878,15.9274,17
706,3.027084,7.60309,18
707,18.73794,0.02478778,9
708,28.05616,31.56779,8
709,-0.3963638,-3.104964,7
710,-1.199626,12.69042,17
711,0.7270734,2.26189,1
712,27.09159,15.82479,20
713,8.936564,4.499611,18
714,18.23345,15.64262,13
715,-0.429218,2.211029,15
716,15.6607,19.98972,6
717,14.23374,15.76271,14
718,5.829822,10.34468,14
719,4.230915,1.735521,17
720,12.19179,15.03855,6
721,5.103175,3.64185,13
722,7.08866,6.2657,11
723,0.01341287,14.39395,9
724,16.07051,12.18371,16
725,31.6029,8.55297,3
726,-14.94727,16.5969,19
727,38.0434,2.138592,12
728,24.30645,7.067761,4
729,29.12768,5.911166,1
730,2.734299,9.551941,8
731,5.490974,15.10988,14
732,25.76946,3.324707,12
733,15.67774,28.04655,14
734,27.45951,4.004603,6
735,6.71577,17.91905,1
736,4.453012,4.265516,0
737,21.77856,12.28597,18
738,12.709,12.25582,11
739,6.460027,2.503197,13
740,-8.207786,27.72911,3
741,9.914433,14.1201,14
742,14.48534,4.178134,5
743,15.60438,1.94312,5
744,-1.809368,9.6628,19
745,16.42695,-3.171427,9
746,6.084253,10.33377,20
747,8.627294,-2.30743,0
748,14.28665,3.929615,15
749,-11.54532,-20.01888,12
750,5.575772,10.67374,9
751,-2.537058,10.25853,7
752,20.09051,9.33872,11
753,-8.85235,13.48051,10
754,4.209417,17.80107,11
755,10.57944,13.80524,8
756,1.86462,11.39824,4
757,10.84852,18.48534,3
758,-0.7703359,24.88074,1
759,14.36989,10.3415,7
760,1.489437,-4.19631,8
761,26.44959,3.562471,6
762,-4.266789,3.653826,20
763,8.976836,18.40393,19
764,20.77485,13.18247,9
765,27.63714,19.13911,12
766,16.29336,8.550992,0
767,16.87829,14.83276,5
768,16.82551,9.976617,2
769,5.165351,6.9856,6
770,50.97437,19.26007,18
771,-0.1216837,14.11777,15
772,-8.032165,11.65195,2
773,-0.7711908,9.478467,11
774,7.822278,4.63563,20
775,-2.542693,31.29946,17
776,12.41543,10.05657,16
777,10.44706,6.147121,4
778,10.02766,15.33033,11
779,15.52898,5.241399,4
780,9.747575,11.99029,14
781,19.98159,14.5416,14
782,18.36432,-4.59378,8
783,13.22721,7.873434,13
784,-0.5568769,6.233604,11
785,7.476011,16.64447,10
786,-2.541061,16.41452,9
787,14.30498,11.84888,6
788,3.967357,20.72875,14
789,0.2271643,29.08483,19
790,11.57322,14.5351,19
791,2.318771,19.85869,19
792,1.748142,10.93859,19
793,17.78253,4.558752,4
794,-4.290225,4.425946,9
795,16.53104,4.671925,0
796,7.546088,10.27894,9
797,13.15203,8.540096,1
798,0.5304746,18.33461,2
799,21.35885,27.10033,14
800,-0.527498,17.29681,16
801,12.94586,12.23683,13
802,20.56008,-0.5277433,10
803,0.369141,-4.90859,16
804,10.88581,-2.084885,11
805,1.047853,14.6625,7
806,17.28469,1.17794,12
807,8.224514,18.21265,2
808,18.79663,1.558912,2
809,2.294629,11.46264,9
810,13.16382,15.70806,19
811,11.96874,22.31844,4
812,18.1468,1.836594,20
813,6.30985,10.4237,8
814,12.49809,13.02343,12
815,6.254294,28.35686,6
816,20.57987,19.25847,0
817,-0.675866,6.132365,16
818,-2.52902,29.84877,18
819,2.531129,31.62439,12
820,16.98884,14.57923,15
821,2.599834,20.39453,10
822,6.326382,0.826507,0
823,13.8971,7.50579,11
824,-5.493487,19.43579,0
825,21.96003,24.61082,5
826,7.303667,2.841022,6
827,22.35765,1.493998,5
828,2.104918,5.705926,1
829,26.18462,-9.62667,17
830,20.80766,10.34603,18
831,10.57028,34.39865,4
832,-7.880563,13.95659,17
833,6.534681,16.05914,5
834,6.421189,22.4082,12
835,2.536329,2.955975,7
836,17.02943,29.76824,0
837,-0.4862341,12.23679,15
838,1.188364,8.102704,17
839,-3.906957,5.578883,3
840,5.441873,5.874897,4
841,18.66013,-4.470882,11
842,13.33514,3.557717,16
843,24.12527,18.52547,15
844,12.98691,17.43439,11
845,13.35877,9.173119,7
846,13.41857,-0.07619125,20
847,5.224356,22.71993,3
848,10.34212,16.27103,19
849,-0.3693704,11.25666,11
850,12.91639,31.99353,8
851,0.9090181,24.91849,11
852,-1.409272,9.203924,2
853,-4.365977,16.91661,0
854,10.25595,22.35262,4
855,12.43669,10.23768,1
856,-1.170456,15.72802,12
857,-6.229601,23.02026,13
858,9.663633,25.29418,14
859,9.05127,12.58227,1
860,0.8767106,20.08131,9
861,4.492934,16.61764,10
862,15.53079,10.37215,17
863,0.789848,22.08501,6
864,15.88278,10.7026,7
865,15.65385,1.855822,16
866,7.006049,1.034778,4
867,18.06041,-0.4099859,6
868,19.50145,22.84672,15
869,14.34475,-0.5536328,2
870,6.584492,24.95815,17
871,0.721706,16.4536,15
872,8.034842,9.826132,15
873,22.07318,10.31959,3
874,8.20879,16.10261,10
875,-0.6540285,7.41859,16
876,33.90343,3.274898,16
877,15.55832,13.55292,20
878,7.387878,15.86786,8
879,5.051225,16.53437,18
880,5.229687,18.39176,17
881,9.339954,9.981995,10
882,14.02917,2.41937,9
883,3.084545,30.35293,9
884,-9.022234,3.566726,4
885,8.187902,10.07435,13
886,4.389926,10.11696,0
887,17.49107,9.631412,19
888,25.94192,6.535813,19
889,14.06103,2.905847,5
890,4.658055,-5.764765,15
891,19.84404,19.12729,16
892,15.56143,9.62353,8
893,7.178256,14.85566,12
894,22.64227,4.81697,13
895,-7.804288,-1.111585,4
896,-5.118906,7.387376,16
897,6.152764,14.22517,2
898,8.551857,24.93599,12
899,3.134369,-6.632367,11
900,-1.164893,18.86306,7
901,48.1905,56.00667,6
902,48.32863,76.0944,7
903,31.44145,62.66712,9
904,37.60916,64.75492,13
905,52.68577,71.53609,6
906,48.723,83.29384,0
907,31.85518,59.35438,13
908,55.55334,57.31956,15
909,29.06337,49.34992,20
910,50.45302,78.01416,6
911,33.5429,51.27797,20
912,45.11086,46.34557,18
913,43.73054,67.13846,6
914,55.90229,44.41355,11
915,35.51136,63.02239,18
916,36.66438,60.00177,19
917,39.22292,42.76795,0
918,25.76358,72.0769,6
919,42.31278,66.04035,1
920,46.66542,58.45405,0
921,57.76221,50.79996,10
922,53.64062,53.19439,12
923,55.59307,72.58209,19
924,34.6382,62.93818,15
925,68.81378,49.40914,5
926,38.22668,55.08212,18
927,42.41835,73.77797,12
928,44.42384,52.0499,3
929,32.44594,52.46474,7
930,43.85302,49.00594,14
931,52.93561,51.52707,13
932,46.05927,70.18995,20
933,44.43309,58.9645,0
934,53.3247,66.99565,15
935,54.93488,52.0303,6
936,44.00335,60.1725,15
937,38.54234,53.11563,12
938,26.89144,60.17693,16
939,27.22742,47.07473,4
940,24.60301,58.44653,5
941,45.18391,69.45772,12
942,35.58807,73.17408,14
943,28.12908,44.06283,0
944,39.83815,48.70388,18
945,40.05444,79.05227,19
946,54.45572,49.34488,1
947,58.99003,59.51809,1
948,47.31255,47.80124,9
949,46.05767,70.08161,3
950,51.1862,60.57783,4
951,58.01157,62.87727,11
952,31.05124,61.88555,4
953,32.63545,43.24568,11
954,59.21907,75.16453,3
955,40.6654,81.79757,18
956,35.82676,67.83398,8
957,49.35519,75.29319,9
958,57.81302,55.61863,4
959,36.07083,51.26997,19
960,33.88886,48.83694,20
961,38.75301,68.91596,20
962,44.30184,53.37654,1
963,43.40867,62.64091,2
964,36.25078,46.24887,10
965,35.66046,40.16179,19
966,44.1886,74.18132,5
967,42.35297,68.86938,10
968,59.72761,71.64868,11
969,41.7742,74.69192,1
970,39.48583,58.30032,16
971,46.18587,49.02519,7
972,32.8916,50.17133,0
973,31.03531,72.2532,1
974,47.2611,67.1427,10
975,43.63065,63.04766,14
976,43.20379,57.58694,12
977,34.45682,54.82336,5
978,36.08501,68.00059,5
979,55.93224,63.07734,2
980,30.01013,67.8034,1
981,40.17444,50.23319,10
982,40.51248,61.16069,19
983,44.84228,59.17143,13
984,44.95826,65.09772,16
985,49.34734,52.56688,14
986,24.18327,63.48712,0
987,41.57294,48.41452,17
988,36.97141,65.02328,17
989,39.83944,49.22476,2
990,39.42764,46.07249,8
991,33.85577,58.8609,15
992,32.44452,46.98045,9
993,35.12357,78.56973,6
994,36.99186,63.62753,0
995,44.04283,69.94757,8
996,47.66477,59.80407,12
997,46.3599,59.65952,11
998,71.56261,53.91534,6
999,28.92869,46.33052,8
1000,47.19929,41.39569,0
1001,48.15507,83.98581,19
1002,48.4477,54.65174,20
1003,35.18339,68.19836,9
1004,52.26128,50.64056,15
1005,35.77592,62.37214,0
1006,43.37792,60.65264,19
1007,40.40879,53.21294,16
1008,46.39126,64.80002,5
1009,61.87996,62.7935,16
1010,18.99094,54.79462,8
1011,35.54591,64.34436,14
1012,50.37548,68.05591,15
1013,54.54673,60.98913,13
1014,44.13707,53.40706,1
1015,45.55372,70.63025,10
1016,45.68042,41.9937,15
1017,55.04569,48.46728,13
1018,37.81383,42.24533,15
1019,33.56491,78.10993,10
1020,19.2699,67.18515,9
1021,37.28481,37.79198,18
1022,39.77556,44.83249,4
1023,35.46314,70.30631,18
1024,40.41439,65.25805,14
1025,26.7135,60.60958,19
1026,40.50345,57.22231,15
1027,29.83138,55.35326,10
1028,40.04233,60.38692,1
1029,40.95189,51.6069,5
1030,51.68887,52.47176,16
1031,24.69499,50.50501,16
1032,62.78684,55.41728,0
1033,21.08624,48.07032,13
1034,22.0205,45.01294,19
1035,41.01136,45.20848,14
1036,41.47629,49.69875,16
1037,43.15526,69.96187,19
1038,29.06922,31.39812,4
1039,33.97264,58.3128,0
1040,35.58473,46.37667,17
1041,31.52146,61.44991,0
1042,38.50949,54.9348,18
1043,48.51959,45.1665,7
1044,51.80655,48.92263,13
1045,59.93333,41.36604,15
1046,37.52437,65.41436,0
1047,41.38512,58.3734,10
1048,59.89985,45.3802,7
1049,46.32288,49.54236,2
1050,45.69158,60.92593,8
1051,36.79516,78.20391,11
1052,30.70871,70.33036,7
1053,51.97064,80.70323,6
1054,50.47091,64.8867,12
1055,52.55752,66.85835,13
1056,38.0208,75.94703,4
1057,47.81833,58.65439,12
1058,45.85127,67.85252,11
1059,51.34424,68.26302,6
1060,37.33317,67.98247,13
1061,45.61133,63.20619,20
1062,31.50764,65.71172,16
1063,28.51895,73.79701,11
1064,50.74807,53.57638,18
1065,39.53701,69.93832,7
1066,49.56372,68.6858,20
1067,57.41644,42.79595,18
1068,35.55559,58.52347,6
1069,42.96314,37.97548,0
1070,41.98642,55.80981,3
1071,32.55532,46.44257,4
1072,32.34528,60.57506,6
1073,24.44857,51.36618,9
1074,39.53357,64.53082,19
1075,28.80983,55.80426,14
1076,39.83018,55.04155,20
1077,39.42011,44.53216,10
1078,42.75812,66.42826,20
1079,23.17606,56.86704,6
1080,25.55901,68.7241,3
1081,18.26403,40.02327,13
1082,30.70777,63.31014,16
1083,49.43437,79.62605,13
1084,41.15351,60.28376,1
1085,36.17541,65.56798,11
1086,44.08116,51.84447,20
1087,43.27453,68.85571,7
1088,49.39423,60.62898,4
1089,50.53357,46.03307,3
1090,42.95269,71.277,15
1091,30.57404,76.27772,14
1092,35.20991,69.40798,20
1093,39.5469,58.25396,0
1094,40.54202,68.29326,3
1095,42.14727,63.224,14
1096,39.30898,55.78019,2
1097,50.05859,57.09342,2
1098,43.67538,63.21723,4
1099,39.79353,43.73809,18
1100,43.44539,50.19695,14
1101,41.67813,55.28962,6
1102,48.594,69.64589,16
1103,38.46082,61.08416,1
1104,53.26524,63.82018,1
1105,49.0517,66.49995,0
1106,39.31737,67.48604,9
1107,41.24618,49.47654,6
1108,37.88715,59.91647,12
1109,41.14622,63.44699,19
1110,32.52164,73.23534,6
1111,41.10812,44.68184,17
1112,25.34895,55.25141,5
1113,41.9661,60.38896,19
1114,40.65187,61.11229,12
1115,31.38396,66.525,0
1116,59.78578,38.49133,17
1117,31.3399,63.09048,7
1118,40.92554,60.43771,1
1119,29.67727,66.38073,14
1120,32.59683,33.86709,6
1121,20.88727,56.18753,15
1122,37.8447,51.01321,5
1123,40.57783,69.06488,14
1124,59.67326,74.55562,7
1125,36.6854,50.43604,16
1126,45.94,57.68176,9
1127,64.98144,79.71206,1
1128,36.98331,65.35463,9
1129,45.67468,55.15185,11
1130,37.51643,49.06353,0
1131,51.32067,56.63374,7
1132,46.13968,46.26812,17
1133,46.3057,50.07933,12
1134,58.78482,35.37284,8
1135,24.40643,58.87376,16
1136,42.22782,61.23968,11
1137,19.33637,69.78316,15
1138,39.09501,60.00454,8
1139,31.54544,56.18556,6
1140,46.81052,51.33483,9
1141,37.31417,60.64799,20
1142,35.31276,64.61462,13
1143,47.03397,66.32737,11
1144,43.20051,64.01385,16
1145,57.78369,73.30975,6
1146,51.95346,50.6932,18
1147,37.04092,60.51894,6
1148,33.26079,75.71045,13
1149,45.94416,71.49937,5
1150,35.73385,46.9001,1
1151,40.76379,67.68751,17
1152,35.14554,65.5663,13
1153,35.66175,56.80016,12
1154,28.88317,43.26803,1
1155,31.27264,66.3293,9
1156,34.13748,60.96088,10
1157,47.33729,68.169,9
1158,31.18816,78.43963,19
1159,37.92156,63.1141,1
1160,53.294,55.50262,5
1161,61.38426,59.91205,1
1162,43.75808,67.45812,15
1163,38.92632,43.12086,12
1164,30.63075,79.46695,3
1165,28.52392,59.14458,0
1166,34.3243,60.94347,2
1167,24.5469,64.80247,17
1168,36.00817,46.68387,7
1169,21.60583,46.62644,5
1170,44.03259,64.42778,1
1171,33.99769,56.55145,2
1172,43.60366,61.25346,2
1173,46.92525,54.08689,5
1174,50.50127,60.62361,14
1175,53.49198,41.07875,16
1176,42.67635,55.93246,17
1177,27.99422,53.68188,17
1178,39.43207,57.01566,2
1179,26.77366,63.055,7
1180,42.40971,49.95729,0
1181,36.22691,57.21221,17
1182,38.46163,67.33074,13
1183,43.78143,65.92309,7
1184,32.78291,73.01238,7
1185,34.33231,60.31763,10
1186,38.62762,57.39558,18
1187,40.80154,39.94366,13
1188,34.4872,50.56793,8
1189,37.28235,51.46425,6
1190,36.29004,72.62875,1
1191,27.32446,51.97536,14
1192,43.01795,72.62218,3
1193,30.62136,49.73988,17
1194,51.54357,37.5978,11
1195,54.47479,52.03507,20
1196,46.6837,76.38964,12
1197,36.40191,55.50854,11
1198,32.79919,57.24132,12
1199,63.01717,51.67786,8
1200,30.48439,39.33047,8
1201,36.6763,87.27119,18
1202,18.94383,59.33327,6
1203,43.45898,51.92991,14
1204,37.48009,68.55787,20
1205,45.79938,71.73394,20
1206,39.69381,58.77897,2
1207,43.60521,51.59496,11
1208,49.18213,66.20721,15
1209,25.83677,47.10274,1
1210,30.90342,53.13581,9
1211,40.20493,60.96742,15
1212,46.98463,52.61281,7
1213,39.37106,46.29081,5
1214,40.281,59.03583,10
1215,40.44173,47.78119,13
1216,37.66053,59.73406,10
1217,38.11046,44.89672,16
1218,48.2845,41.49009,0
1219,49.2973,63.16118,20
1220,22.48131,74.58899,14
1221,52.90003,58.66274,18
1222,39.1711,60.65303,15
1223,46.23943,65.03093,4
1224,38.69597,84.08148,18
1225,40.79527,49.7543,18
1226,42.84691,57.79911,8
1227,65.71859,53.45975,8
1228,32.24807,67.18962,6
1229,37.50528,72.15233,4
1230,46.19626,63.37228,7
1231,46.93901,50.99902,20
1232,30.82879,59.55766,20
1233,53.35965,52.76179,10
1234,48.15439,68.73672,13
1235,33.21166,38.87962,2
1236,29.92048,77.03939,10
1237,37.6465,56.99416,16
1238,35.9354,77.82079,20
1239,47.70036,64.47489,7
1240,25.77065,62.45383,19
1241,41.92523,57.7624,13
1242,34.45473,60.32253,12
1243,30.77576,52.58115,20
1244,26.14364,66.58151,18
1245,47.21836,51.68076,20
1246,55.78841,57.97879,2
1247,43.2989,56.97968,14
1248,40.87212,27.31616,19
1249,49.88417,32.45283,10
1250,20.55912,57.01987,2
1251,25.06116,44.75805,1
1252,26.01595,55.76411,13
1253,37.25416,65.31094,11
1254,53.36999,53.56238,16
1255,38.84896,56.97574,6
1256,39.51915,61.65769,2
1257,37.02022,69.50709,20
1258,50.74908,56.24477,16
1259,35.7051,58.49562,4
1260,44.44394,67.48245,1
1261,54.81738,61.41306,8
1262,45.88216,63.42376,14
1263,39.53611,65.04189,13
1264,44.80203,50.21186,1
1265,29.91771,71.56391,14
1266,25.37846,64.61015,12
1267,41.21589,64.27742,5
1268,51.48426,68.011,20
1269,59.85225,60.61618,2
1270,51.70456,47.81819,18
1271,47.91999,46.15824,18
1272,41.99199,65.34492,19
1273,53.38919,71.59792,2
1274,50.13654,58.47133,15
1275,43.55886,50.07811,2
1276,44.48821,73.62916,7
1277,27.92514,67.88335,15
1278,36.57076,72.47042,13
1279,35.29817,65.07594,1
1280,51.4997,63.69956,7
1281,49.04667,65.28074,1
1282,38.21852,56.44799,15
1283,35.58804,44.72433,16
1284,27.65341,61.1188,3
1285,41.22976,53.65146,10
1286,32.00885,46.29029,5
1287,46.49651,55.93187,8
1288,25.12809,45.54561,7
1289,31.50795,35.04832,1
1290,32.441,70.15026,2
1291,50.46987,56.49627,19
1292,53.02414,48.18963,16
1293,46.28482,64.75075,5
1294,21.90914,60.49558,3
1295,38.16132,56.99729,2
1296,32.70623,53.86508,1
1297,30.58785,74.07853,10
1298,42.87658,64.60489,1
1299,41.16918,50.85736,1
1300,40.4065,56.96268,0
1301,27.98043,54.99941,6
1302,39.86144,65.40418,17
1303,44.06916,58.01787,12
1304,41.27358,47.03271,4
1305,29.50536,50.07637,11
1306,42.72526,52.06594,12
1307,55.88999,57.75395,12
1308,43.43729,45.53989,1
1309,45.21592,56.23551,1
1310,21.46886,50.97331,7
1311,40.8175,63.63504,15
1312,34.89724,64.74254,13
1313,38.82377,54.30612,10
1314,39.81253,61.8196,17
1315,42.25532,62.65005,13
1316,44.36548,49.87988,4
1317,31.58178,55.53971,18
1318,35.25133,53.15157,2
1319,50.77632,74.22147,10
1320,46.64062,37.81122,4
1321,50.71756,53.06595,7
1322,49.07775,59.12901,12
1323,26.63234,64.19727,12
1324,48.79625,38.62079,17
1325,22.20029,73.11573,19
1326,44.41,53.04649,9
1327,63.88825,48.97889,4
1328,33.57092,63.84941,0
1329,44.85232,62.17386,16
1330,43.81482,57.73569,13
1331,32.16317,58.71496,10
1332,34.76834,55.57443,16
1333,27.02004,60.16687,3
1334,36.84926,46.01221,12
1335,36.16788,68.04738,10
1336,54.34972,51.9426,12
1337,47.11679,77.18788,17
1338,57.4229,32.305,12
1339,52.18029,65.10573,0
1340,51.85909,67.51661,7
1341,49.03182,60.34069,0
1342,45.43005,59.77699,13
1343,33.16007,67.7972,13
1344,28.07412,60.4441,0
1345,37.39232,60.04588,12
1346,41.7159,54.8672,6
1347,32.7979,73.65913,13
1348,48.73786,49.54446,9
1349,55.61709,57.06916,10
1350,26.59618,54.89858,16
1351,42.08567,40.12172,5
1352,52.21176,52.75539,6
1353,36.55513,62.31943,10
1354,31.43811,50.33373,9
1355,40.87347,69.90448,14
1356,25.97094,68.05602,8
1357,35.18777,47.83521,3
1358,30.72323,53.49924,13
1359,41.99314,50.87471,5
1360,30.88503,59.03542,2
1361,55.63384,51.22741,9
1362,37.70752,54.48603,20
1363,27.17879,73.22714,20
1364,55.74353,35.89603,15
1365,25.66439,58.53562,7
1366,17.00957,68.39096,19
1367,43.95091,61.0425,12
1368,38.8072,53.42418,8
1369,40.30421,55.30517,6
1370,39.78672,57.06535,19
1371,63.90414,56.32496,3
1372,48.88094,67.82444,4
1373,58.40254,79.28048,20
1374,39.70721,64.78928,9
1375,47.59079,51.5511,11
1376,44.84636,52.34264,11
1377,21.27829,50.89752,20
1378,56.59843,65.83452,7
1379,37.48017,57.39704,18
1380,49.15954,46.12192,18
1381,37.66307,57.0688,17
1382,41.86126,63.41366,20
1383,51.73052,66.6951,0
1384,47.64847,58.08665,6
1385,35.17402,56.00186,19
1386,45.44158,84.85019,17
1387,63.14872,70.52519,5
1388,42.08557,54.22347,11
1389,46.01514,58.37922,7
1390,42.11817,66.59673,1
1391,26.51054,64.8716,15
1392,28.67938,67.39531,17
1393,29.98758,56.67641,4
1394,23.97532,53.69432,11
1395,54.47663,68.48247,12
1396,25.66849,56.62032,13
1397,36.40398,63.52458,8
1398,37.76594,48.95203,3
1399,44.49676,53.93384,5
1400,41.21254,67.43937,9
1401,14.46949,62.26729,17
1402,26.00632,58.30301,0
1403,47.84569,51.46759,19
1404,44.96501,81.81427,18
1405,52.12286,65.78259,0
1406,34.2726,65.021,14
1407,36.36313,63.94629,5
1408,20.33037,62.20769,6
1409,58.24481,54.45848,3
1410,28.1422,76.06569,8
1411,40.83747,60.21198,8
1412,29.58027,51.32616,17
1413,41.68749,56.74836,4
1414,19.3453,49.81644,1
1415,39.10978,59.98583,9
1416,30.06011,59.57409,3
1417,30.11872,48.14224,15
1418,26.80173,69.78267,13
1419,41.4497,56.78115,20
1420,39.84126,49.97964,10
1421,59.78358,61.26106,4
1422,45.44818,64.82023,13
1423,58.4162,58.58034,12
1424,36.46915,65.33484,6
1425,47.39338,54.89619,1
1426,55.97659,75.71833,12
1427,25.90733,51.43085,11
1428,56.32167,55.58431,19
1429,59.47724,54.72548,14
1430,36.04946,34.22141,3
1431,34.61991,75.20385,9
1432,40.56393,60.7759,19
1433,23.05746,43.83699,8
1434,49.64375,49.0249,13
1435,22.87106,59.36683,18
1436,41.12026,55.79939,0
1437,55.2759,52.32505,4
1438,45.41858,69.30771,20
1439,42.58969,48.27374,4
1440,59.78563,54.97828,2
1441,46.41741,52.72119,3
1442,13.42948,57.03562,19
1443,50.9471,56.93176,9
1444,46.0973,47.2256,3
1445,34.89751,71.07395,13
1446,26.31495,49.99565,5
1447,30.89327,79.22578,17
1448,43.23482,46.73741,18
1449,44.94405,50.6335,11
1450,45.22232,80.58161,5
1451,7.826419,39.47855,18
1452,33.07619,72.86371,15
1453,52.04657,62.56454,3
1454,41.67568,60.35936,15
1455,55.84756,67.5848,20
1456,36.04547,49.41498,8
1457,36.28569,60.10168,3
1458,45.72856,50.07189,14
1459,39.05539,54.94165,13
1460,20.2726,48.62656,19
1461,27.33974,51.36997,5
1462,46.13468,55.69144,5
1463,44.96999,65.99128,17
1464,46.39057,67.48663,9
1465,47.08233,60.20998,12
1466,36.53939,60.50986,19
1467,38.75325,61.35403,19
1468,42.64909,57.29917,14
1469,23.09582,70.34206,18
1470,42.44851,44.21829,17
1471,33.49563,71.32774,10
1472,47.07288,55.7378,10
1473,24.9612,53.32379,8
1474,45.48775,65.85651,9
1475,59.20356,68.74465,4
1476,44.00992,50.52786,7
1477,43.68642,83.65863,13
1478,41.87053,51.92226,6
1479,43.72969,46.00091,17
1480,38.52629,76.75724,5
1481,53.42536,73.632,8
1482,39.33739,51.29871,11
1483,36.66598,51.51536,4
1484,41.96913,61.30644,20
1485,35.25198,60.78493,13
1486,33.56147,59.85432,4
1487,33.07125,49.41556,19
1488,48.44303,51.90851,2
1489,40.75025,68.0989,20
1490,50.35784,54.57351,17
1491,44.57279,78.77867,13
1492,24.52693,68.57829,8
1493,54.20255,63.61836,4
1494,41.30357,66.8662,20
1495,37.41374,71.92524,6
1496,26.86204,55.37459,14
1497,39.55137,43.2294,17
1498,47.00566,53.65933,10
1499,38.12361,57.12999,7
1500,37.52485,80.64694,6
1501,39.20578,62.21249,16
1502,52.36179,58.99351,5
1503,45.0324,47.69177,19
1504,40.86912,38.84561,9
1505,48.08253,68.39592,13
1506,54.8749,66.84655,9
1507,24.57269,71.18354,10
1508,35.00761,57.033,7
1509,43.44146,65.25961,12
1510,43.16221,47.03518,3
1511,34.24286,62.92888,2
1512,43.58324,56.57035,4
1513,36.35557,67.91737,5
1514,35.1833,55.00228,11
1515,44.51795,68.3382,13
1516,54.39144,37.30894,7
1517,45.86727,87.3137,19
1518,39.09084,66.78102,20
1519,27.79925,58.74917,0
1520,33.06475,78.47807,7
1521,23.54635,55.19841,10
1522,43.46392,64.71713,2
1523,35.42679,54.08204,17
1524,34.19314,71.58672,3
1525,10.8867,68.44097,18
1526,56.59104,64.011,7
1527,47.3817,56.87357,7
1528,38.49504,60.46255,19
1529,52.51262,67.06044,16
1530,44.5458,57.88389,13
1531,44.03849,53.62613,12
1532,36.41589,56.97656,1
1533,50.31431,61.40527,18
1534,30.72297,53.84722,3
1535,29.87761,61.21636,10
1536,59.26816,69.29843,20
1537,35.04088,61.20282,16
1538,44.87322,43.20948,5
1539,29.24664,51.7367,19
1540,50.04572,53.45699,19
1541,47.97724,69.38969,1
1542,29.6133,70.91985,12
1543,30.89345,61.36776,2
1544,31.74421,58.71527,14
1545,36.60416,56.83749,4
1546,47.78417,53.40695,17
1547,23.22726,57.4777,9
1548,51.37993,65.01276,3
1549,31.36008,63.86529,11
1550,46.77678,65.41522,14
1551,44.1524,46.76581,0
1552,41.43843,54.11403,7
1553,53.77942,55.54833,5
1554,33.7694,79.58607,8
1555,35.79716,55.52056,3
1556,30.53843,72.95658,14
1557,46.22857,34.53551,8
1558,39.67892,62.87499,4
1559,36.81919,52.38703,8
1560,34.27178,48.92915,16
1561,42.32842,63.12152,17
1562,46.33527,63.28707,8
1563,53.53398,51.14082,20
1564,40.61128,50.21093,1
1565,50.62107,40.45209,16
1566,36.47783,78.33963,5
1567,52.38983,64.53774,3
1568,30.01806,75.31725,7
1569,39.00967,50.87296,14
1570,22.71875,67.99089,17
1571,61.24,65.89064,15
1572,39.18396,65.65822,3
1573,44.69035,57.93645,10
1574,58.0471,69.76289,17
1575,51.25563,61.33045,14
1576,46.92124,83.3785,3
1577,46.25302,66.06521,13
1578,52.40546,66.73065,8
1579,40.28902,53.28891,13
1580,44.73831,63.29274,14
1581,43.15397,65.65951,15
1582,44.85846,77.73084,10
1583,42.86439,67.90505,15
1584,56.25276,58.54541,0
1585,51.62415,67.15461,17
1586,44.7667,61.48524,6
1587,48.91067,66.60661,5
1588,20.23477,59.03073,6
1589,18.98427,70.79776,15
1590,16.33768,68.84142,0
1591,49.40031,47.88199,10
1592,41.66533,67.50779,3
1593,59.2293,74.68412,14
1594,58.47326,53.63286,14
1595,62.36667,50.95881,7
1596,21.85536,54.86045,5
1597,40.38865,61.31855,11
1598,40.74187,47.65873,3
1599,58.00854,42.82972,18
1600,45.35452,41.83214,15
1601,66.66133,50.6532,14
1602,33.77558,62.47507,13
1603,48.09134,64.89226,0
1604,40.08256,51.44899,10
1605,29.58933,58.19596,17
1606,43.58031,65.94927,15
1607,53.30803,36.98284,17
1608,28.87137,51.90188,20
1609,56.40753,62.59392,13
1610,29.47485,32.19725,5
1611,33.29645,67.43765,0
1612,38.72936,56.59565,3
1613,32.29439,53.9696,6
1614,32.41527,48.44307,14
1615,45.76281,64.38473,15
1616,33.8258,59.16824,6
1617,22.67527,54.22386,12
1618,13.19942,60.1388,11
1619,29.50579,55.28771,3
1620,45.70325,56.31371,13
1621,43.70217,61.486,17
1622,29.53128,66.01217,3
1623,34.58708,54.27694,20
1624,51.84493,61.97,6
1625,46.43159,55.3816,8
1626,47.37223,63.45379,17
1627,28.52821,68.99037,14
1628,53.74314,61.20763,18
1629,29.91581,63.06654,10
1630,51.85804,68.08115,14
1631,24.65317,60.97069,4
1632,45.07661,64.13075,20
1633,34.09175,59.97359,12
1634,49.69564,67.62843,9
1635,43.0814,55.20282,6
1636,36.45465,50.92306,12
1637,45.95494,50.09121,8
1638,34.86304,61.43269,2
1639,31.35199,65.54097,4
1640,28.85687,70.20236,17
1641,38.01644,45.00452,7
1642,39.33137,61.01991,3
1643,45.43656,53.36308,13
1644,21.14175,39.8683,2
1645,52.64809,71.72782,17
1646,36.58138,39.92153,1
1647,36.92193,64.58077,1
1648,17.71107,64.94933,8
1649,43.15869,54.23448,6
1650,47.18889,60.86159,14
1651,43.73414,62.9692,20
1652,46.89299,65.56661,8
1653,42.87272,43.29337,10
1654,40.53452,61.72891,13
1655,48.3142,54.04765,1
1656,38.05576,45.26198,17
1657,22.1779,68.1016,5
1658,56.94227,86.55324,10
1659,34.75308,55.7262,19
1660,33.97889,52.78297,17
1661,40.91016,65.19449,4
1662,33.7199,57.27735,3
1663,49.14691,64.16595,15
1664,48.61678,65.28603,5
1665,28.11857,45.33089,0
1666,20.4317,51.46033,8
1667,50.93737,74.1835,6
1668,22.29103,75.65685,6
1669,43.51035,58.55402,7
1670,60.11132,58.98568,2
1671,61.21623,69.80801,0
1672,48.33622,41.19602,15
1673,33.39445,65.82391,3
1674,29.34521,59.85588,2
1675,54.38664,80.36837,17
1676,34.7127,57.47011,15
1677,40.33881,57.22665,2
1678,62.24166,51.57828,12
1679,40.15035,56.58465,12
1680,38.71685,70.14773,2
1681,39.12633,60.63593,13
1682,51.69781,63.27919,6
1683,25.68791,40.27335,4
1684,47.94294,43.08792,6
1685,67.88265,60.98403,12
1686,26.55077,50.80384,8
1687,46.29426,47.39325,16
1688,31.52882,62.19854,4
1689,57.78245,63.38965,18
1690,38.04019,67.43048,7
1691,37.7145,51.81503,12
1692,62.57692,60.83238,2
1693,28.86001,51.2246,11
1694,41.62214,58.10787,12
1695,23.74967,67.99766,12
1696,46.85755,54.24618,11
1697,37.5762,62.86578,7
1698,56.43054,64.46652,0
1699,23.42326,62.49845,20
1700,44.27762,57.30138,11
1701,40.88654,73.0129,1
1702,35.14983,69.20756,20
1703,24.17791,55.47302,9
1704,41.70554,59.55818,16
1705,36.33261,42.50658,10
1706,39.01491,47.29492,11
1707,44.81983,67.23057,5
1708,40.07327,53.91739,1
1709,30.90242,79.43702,2
1710,36.81031,51.52639,20
1711,43.03812,57.54671,19
1712,32.79469,64.19816,8
1713,37.48284,63.44551,19
1714,45.29159,76.73057,17
1715,35.24219,55.9317,4
1716,38.39624,63.38412,18
1717,34.79193,55.69379,1
1718,48.43391,46.13215,8
1719,59.01439,65.74738,11
1720,35.53231,63.11478,8
1721,40.90201,74.3216,1
1722,41.53148,42.03367,12
1723,35.52626,83.71515,12
1724,27.84255,60.091,12
1725,43.60266,62.19615,12
1726,24.29746,62.7834,5
1727,30.38543,52.90134,14
1728,52.67648,32.67734,18
1729,36.9756,68.24067,2
1730,37.8756,68.28506,9
1731,48.75739,53.39937,12
1732,56.86054,59.49221,0
1733,57.58251,67.85455,13
1734,42.30235,54.44661,7
1735,56.72005,71.69892,3
1736,34.09218,56.2818,13
1737,47.25593,56.96026,19
1738,23.48291,54.36535,8
1739,23.12866,65.25963,12
1740,51.5916,62.71912,8
1741,20.53896,47.69149,7
1742,51.81452,52.07644,3
1743,48.44256,51.18517,15
1744,62.44255,45.78976,14
1745,17.27593,60.46275,19
1746,53.77579,65.79631,0
1747,37.08417,63.94993,17
1748,47.97955,55.61669,3
1749,35.22937,74.55077,19
1750,26.42555,55.0765,20
1751,40.20962,64.5191,17
1752,58.95403,59.6799,6
1753,17.21381,69.54397,10
1754,32.95241,52.18707,6
1755,59.68467,40.53054,3
1756,30.58042,63.08007,2
1757,48.74949,70.51133,16
1758,50.65636,59.32031,6
1759,40.4251,50.73494,5
1760,45.28402,51.53691,3
1761,34.34718,47.58747,12
1762,38.59024,51.33721,13
1763,40.71961,74.12315,0
1764,40.37913,50.36806,0
1765,47.26266,70.09016,10
1766,34.55216,56.49265,8
1767,42.125,66.37105,19
1768,56.81907,44.97096,20
1769,53.69397,66.83374,14
1770,45.11847,74.85613,2
1771,27.42444,66.70893,7
1772,11.50407,56.95046,20
1773,49.0322,62.76543,10
1774,23.48502,75.85309,3
1775,50.98872,71.68141,20
1776,27.57767,62.33503,15
1777,47.66222,65.10868,15
1778,45.13893,67.17903,1
1779,45.78568,69.31007,5
1780,47.92223,65.00936,7
1781,48.03205,47.78571,1
1782,43.65009,56.48259,18
1783,28.54301,59.48517,9
1784,48.14451,60.26351,8
1785,30.73458,53.41976,15
1786,41.65806,72.97177,19
1787,47.42073,72.11551,0
1788,54.31567,51.07155,0
1789,37.98036,67.0989,8
1790,58.32997,63.25209,19
1791,43.19876,60.36072,6
1792,28.11309,72.51996,2
1793,37.01089,69.21339,1
1794,32.97436,69.77639,18
1795,34.20864,61.29887,14
1796,31.93696,62.87588,20
1797,30.94324,70.95922,20
1798,43.49319,59.84101,14
1799,27.81164,72.67459,4
1800,32.15255,42.51905,10
1801,51.29612,79.81878,16
1802,38.0315,54.71503,6
1803,29.27812,62.24455,3
1804,44.40411,68.84855,19
1805,23.34787,61.94084,3
1806,49.36656,64.14016,3
1807,17.60005,69.14876,12
1808,30.85341,54.0978,2
1809,44.90497,63.7959,6
1810,57.36587,58.50857,12
1811,49.0943,69.75703,2
1812,26.6611,68.32285,4
1813,40.70467,53.43072,4
1814,28.55086,56.30226,14
1815,36.25912,59.3196,8
1816,48.98826,66.10667,6
1817,33.26312,69.86829,2
1818,32.02353,58.18483,11
1819,27.30424,55.4792,10
1820,51.44975,71.13834,6
1821,59.81329,47.9164,20
1822,51.14651,60.196,19
1823,61.69583,47.11762,11
1824,36.56804,68.23382,8
1825,40.64832,66.75034,12
1826,45.86368,68.31128,7
1827,44.60644,60.16793,8
1828,35.88663,49.38532,12
1829,57.68279,60.16859,4
1830,51.6255,49.49683,17
1831,42.5861,62.54503,1
1832,46.0202,56.69676,8
1833,46.45453,58.70955,3
1834,38.30502,49.6469,8
1835,48.84556,65.31183,13
1836,30.15666,63.67134,13
1837,38.53791,56.76666,15
1838,23.9704,68.72659,10
1839,50.02861,63.9783,16
1840,45.18616,61.15616,2
1841,43.502,73.08999,8
1842,44.7494,43.9657,6
1843,60.56076,43.47697,5
1844,51.11581,80.65344,15
1845,35.88928,62.03462,9
1846,32.33509,52.6811,8
1847,49.07877,68.18728,11
1848,50.33895,64.57106,4
1849,49.26652,79.60231,2
1850,18.55579,68.16774,14
1851,41.00905,45.10266,8
1852,28.00344,61.47371,19
1853,18.14624,60.1302,20
1854,53.95843,68.46303,18
1855,52.5372,68.16769,8
1856,38.93926,62.98392,2
1857,29.05058,62.4427,18
1858,41.75223,64.63294,8
1859,37.64791,47.91551,15
1860,48.79252,64.57806,8
1861,51.77635,55.95868,3
1862,27.10765,58.84145,16
1863,38.6845,49.5615,2
1864,44.48639,56.53763,20
1865,23.60541,43.46694,15
1866,38.7037,61.0992,8
1867,43.00739,55.95437,0
1868,51.56791,63.63943,3
1869,25.26915,63.87523,4
1870,42.56982,67.66801,5
1871,38.08915,64.5408,2
1872,34.78496,45.51393,18
1873,35.88933,55.3666,1
1874,47.22242,66.03583,0
1875,51.96253,51.7511,3
1876,40.78976,59.28554,5
1877,41.27407,67.80852,0
1878,44.66972,69.17705,8
1879,39.15088,54.56051,13
1880,29.16955,64.9487,0
1881,31.77423,66.87607,10
1882,53.4651,62.77485,10
1883,40.41047,72.14114,11
1884,42.61213,59.06376,5
1885,39.57467,62.27438,15
1886,54.50277,49.35228,1
1887,57.91767,56.73445,0
1888,45.64944,53.13589,14
1889,21.88918,49.30231,0
1890,51.04494,68.31933,8
1891,42.09716,72.15952,3
1892,43.04227,53.48632,3
1893,47.14463,56.0835,11
1894,45.62461,77.81975,20
1895,55.20789,58.71653,8
1896,36.05181,53.08629,16
1897,43.73998,58.94337,0
1898,34.23256,65.07769,16
1899,20.95196,74.2487,1
1900,32.88314,79.69149,1
1901,38.36533,59.0739,11
1902,44.56165,52.40328,16
1903,39.33794,70.14443,5
1904,49.1245,67.76719,19
1905,22.91567,56.11771,16
1906,45.63892,47.58675,4
1907,42.75653,63.07043,0
1908,46.39609,68.40751,2
1909,46.88703,66.433,11
1910,54.88489,75.612,13
1911,34.0548,57.12219,0
1912,37.38898,62.3226,19
1913,48.23034,62.03111,10
1914,54.79647,59.39724,15
1915,59.52773,50.58208,8
1916,50.2512,67.96679,11
1917,46.22677,54.53655,7
1918,48.98464,58.14621,14
1919,45.09392,64.88113,14
1920,44.77223,44.4438,17
1921,34.00083,59.08957,5
1922,28.31505,36.30374,19
1923,53.05011,67.34682,2
1924,25.10745,42.70245,8
1925,46.08558,61.97675,2
1926,50.62893,45.19788,11
1927,46.68802,47.42063,1
1928,43.07386,77.93637,6
1929,36.70228,53.66054,15
1930,11.47373,68.61527,1
1931,42.08087,66.43765,14
1932,37.96224,52.46353,10
1933,28.30779,70.53446,4
1934,59.18555,62.19979,2
1935,43.39802,63.35423,5
1936,37.68739,55.33306,9
1937,48.85135,64.6936,12
1938,42.29553,61.3545,1
1939,53.10208,61.65183,4
1940,44.18706,56.29505,19
1941,47.34497,61.47757,13
1942,34.5298,67.07189,5
1943,22.82447,57.02137,14
1944,48.27827,53.97093,9
1945,45.27673,52.04495,7
1946,44.17967,64.35678,5
1947,33.85752,60.59858,1
1948,29.57068,55.91483,16
1949,43.5061,62.07275,3
1950,26.33832,73.38955,13
1951,13.77208,64.03381,8
1952,37.39434,60.17785,3
1953,25.09434,55.0823,0
1954,41.91991,45.2935,14
1955,54.31478,53.6106,18
1956,42.18649,61.34159,17
1957,47.74056,60.98222,7
1958,38.6671,54.8464,4
1959,34.33136,63.66866,0
1960,45.49676,46.21109,10
1961,48.64805,50.69878,11
1962,59.7194,53.67238,15
1963,48.14389,64.17408,11
1964,55.16922,76.47846,8
1965,51.50727,65.82463,0
1966,42.69824,71.33099,16
1967,52.7367,66.52017,17
1968,44.49347,44.03264,19
1969,42.79715,51.57061,12
1970,50.60694,52.83994,18
1971,37.5125,68.15924,10
1972,46.73844,65.58825,7
1973,30.74257,54.61627,10
1974,52.50878,63.62914,10
1975,18.06539,67.96441,15
1976,36.22066,49.6668,13
1977,26.8746,69.52796,13
1978,46.44655,53.95027,14
1979,37.5481,59.69554,17
1980,26.17275,73.02736,0
1981,42.92903,70.03363,14
1982,36.25652,64.53602,14
1983,32.71939,57.83974,10
1984,45.61599,61.58367,15
1985,39.26789,57.98376,18
1986,34.55469,66.68845,8
1987,36.45908,70.13852,8
1988,41.83166,77.96375,9
1989,25.83818,63.53773,16
1990,27.9007,58.79853,15
1991,41.00502,68.62589,16
1992,34.09975,75.41777,1
1993,29.14662,51.12136,13
1994,41.39825,53.92034,17
1995,54.13261,51.89971,2
1996,36.2243,62.59828,3
1997,29.95055,56.40722,3
1998,46.80503,70.14497,6
1999,41.96831,67.27118,2
2000,12.71827,62.29628,16
2001,44.39297,59.58195,17
2002,24.46523,63.57868,6
2003,29.6177,59.74445,4
2004,21.74248,50.45285,6
2005,29.35508,70.05808,5
2006,27.22644,75.18532,18
2007,51.79697,61.69157,17
2008,44.62026,47.41006,5
2009,34.06684,52.82305,2
2010,43.62076,50.27394,15
2011,42.41596,68.93131,6
2012,49.61633,54.8229,15
2013,33.73294,67.42624,19
2014,55.72386,76.51932,6
2015,27.83457,62.72257,5
2016,49.89798,51.15889,17
2017,60.58085,69.45195,4
2018,56.16207,70.20759,10
2019,51.31114,74.59144,5
2020,40.39541,54.17054,17
2021,52.45226,55.42988,17
2022,45.69188,51.24299,10
2023,45.85658,65.63105,5
2024,55.69338,65.96501,1
2025,36.04146,62.1499,11
2026,28.33257,70.274,2
2027,41.79587,77.08113,1
2028,38.54986,81.29447,18
2029,40.67175,54.77458,20
2030,38.67076,67.80664,18
2031,35.75459,52.14807,2
2032,47.64047,62.95349,18
2033,44.38814,50.86422,14
2034,55.07092,45.49946,6
2035,47.48012,58.80583,5
2036,40.05356,72.84874,11
2037,41.29422,67.83528,9
2038,36.53526,78.04978,2
2039,23.52244,51.33826,17
2040,42.98621,55.51208,18
2041,25.60867,47.51016,15
2042,31.30385,71.48902,13
2043,54.79936,68.69215,4
2044,33.32064,69.45271,14
2045,42.24906,47.52644,9
2046,29.504,48.87712,17
2047,31.42953,52.80237,3
2048,51.66205,57.32732,16
2049,38.16498,53.45429,10
2050,44.65573,61.14825,0
2051,68.77616,-23.90883,4
2052,56.22534,-5.294665,4
2053,84.62974,-8.592495,6
2054,95.91765,-17.08491,15
2055,66.93266,-3.231932,7
2056,68.5361,-26.18595,0
2057,76.53591,-3.304326,6
2058,76.23439,-11.4189,2
2059,54.16949,-19.01123,12
2060,72.58262,-16.83923,4
2061,81.56219,-1.694383,4
2062,67.99164,-17.64808,8
2063,64.71255,-14.86299,0
2064,70.76205,-13.4053,15
2065,80.15953,-1.895146,0
2066,64.54891,-1.18837,15
2067,72.76769,-1.913954,19
2068,79.9837,-20.64003,8
2069,79.13871,3.93355,8
2070,44.28213,1.785785,14
2071,64.1403,-9.613207,19
2072,59.16926,13.10082,8
2073,81.54203,8.749848,8
2074,74.12215,-22.66961,11
2075,69.51984,-12.94162,3
2076,80.76502,-7.238871,1
2077,54.98248,-5.827399,6
2078,63.85516,-1.502977,16
2079,70.24579,-22.48083,15
2080,64.31788,-12.37871,15
2081,86.6356,-20.3488,19
2082,84.94551,-11.81974,5
2083,84.22009,0.2136558,10
2084,64.29858,-7.748638,5
2085,78.10973,-14.83134,8
2086,75.86112,-11.63541,15
2087,90.31363,-6.734307,20
2088,62.72575,-18.50824,17
2089,75.54213,-4.170342,12
2090,65.45658,-10.57994,11
2091,61.91086,-20.55287,2
2092,59.13503,-18.54382,19
2093,60.52482,4.002958,9
2094,80.68502,-10.62564,9
2095,66.77925,-6.613982,16
2096,66.15932,-12.41949,4
2097,66.32986,-0.9856625,15
2098,63.90113,-8.54786,8
2099,82.86773,-7.530378,3
2100,85.21556,-24.69871,8
2101,67.60797,6.669538,2
2102,66.35771,-24.43254,8
2103,65.34889,-16.15385,12
2104,95.9356,-13.87495,3
2105,55.30122,-3.164437,8
2106,53.70588,-22.06458,12
2107,58.04943,-2.860465,7
2108,75.83075,-11.85008,18
2109,61.31218,-19.0784,4
2110,77.7234,-2.877346,14
2111,85.97016,-17.81126,6
2112,68.26376,-19.15556,2
2113,77.10473,-19.01528,12
2114,78.19132,-8.509058,11
2115,65.10429,-3.43562,17
2116,79.52807,-27.63379,20
2117,75.18258,-6.52501,15
2118,73.22818,-3.601662,10
2119,67.87865,6.67004,18
2120,67.49999,-3.656658,16
2121,68.73451,-14.8505,18
2122,68.80344,0.2036219,4
2123,70.23388,-1.111902,2
2124,74.11479,-7.362882,9
2125,52.94662,-26.11158,14
2126,61.4234,4.10658,6
2127,75.64492,-27.29068,0
2128,70.19157,-15.42674,1
2129,57.02136,-28.37956,1
2130,62.74637,-13.188,0
2131,65.85207,-20.20264,5
2132,74.1682,-9.089777,6
2133,69.75043,-0.3842613,12
2134,57.04818,-16.48449,14
2135,78.25997,-7.99833,12
2136,63.72304,-24.23505,11
2137,64.25357,-12.80524,15
2138,60.51129,-0.3604612,14
2139,64.83588,-2.828358,2
2140,64.00904,-28.74335,15
2141,84.36928,1.672451,9
2142,65.89382,-9.091981,16
2143,66.97235,-19.93247,9
2144,84.08383,6.852012,7
2145,68.23765,2.762476,1
2146,72.25073,-17.15958,2
2147,55.23472,3.789266,5
2148,75.93697,-4.40856,14
2149,68.67339,-4.801611,14
2150,56.01145,-17.8486,3
2151,77.52585,-15.70033,15
2152,88.95077,-19.44843,19
2153,61.68007,8.509057,14
2154,94.70014,-6.385033,20
2155,66.70215,-29.73264,11
2156,77.82463,-10.06171,15
2157,87.91064,-30.96477,20
2158,61.9166,-8.82706,8
2159,80.87708,-0.7162395,18
2160,80.89673,-23.38986,8
2161,66.70298,4.803512,17
2162,63.19015,-20.61243,9
2163,76.81372,-26.90243,2
2164,65.06876,4.386009,10
2165,95.32207,-16.98335,12
2166,57.72157,-15.60494,17
2167,55.37355,0.1582913,15
2168,69.38057,-12.99076,17
2169,67.81506,-4.811255,4
2170,76.97593,-8.36036,3
2171,77.27475,4.903346,11
2172,83.35947,-22.26367,14
2173,61.09789,-14.29766,1
2174,65.82687,-19.21419,16
2175,74.95858,-4.134062,11
2176,62.60687,13.20539,13
2177,51.71922,-0.1788583,17
2178,74.93252,-0.5864232,3
2179,79.38506,-19.2217,1
2180,75.77722,-26.50406,8
2181,58.46342,-15.13272,18
2182,75.47081,-22.60266,9
2183,44.91439,-5.197128,19
2184,68.68961,12.47448,15
2185,61.03369,0.7950336,10
2186,58.83893,-2.276435,11
2187,82.02278,-8.854354,14
2188,70.77446,-12.75299,0
2189,79.77536,-28.66915,7
2190,74.93503,-3.32777,20
2191,72.12925,-12.27785,6
2192,80.84457,-2.636685,12
2193,57.63159,-1.221671,7
2194,80.52416,6.845383,17
2195,63.2352,-24.72682,13
2196,82.18422,-29.51219,1
2197,97.35694,-2.163071,20
2198,60.78475,-31.03982,3
2199,70.74291,-22.15998,12
2200,74.0169,14.51656,4
2201,66.91939,-12.24789,7
2202,76.09503,4.343313,18
2203,81.78097,-8.727156,5
2204,80.09553,-4.232298,10
2205,73.32889,1.538375,6
2206,62.58947,4.468431,17
2207,67.35439,-16.61995,9
2208,86.32658,-14.45837,3
2209,71.04987,-2.683244,11
2210,83.78762,26.49733,19
2211,74.85747,-5.059505,2
2212,77.72216,6.093524,8
2213,68.97789,-4.123292,1
2214,59.17707,-14.73758,7
2215,50.49705,-17.90728,8
2216,80.156,6.28412,8
2217,73.31786,-9.305126,10
2218,59.61196,-4.425068,14
2219,68.88152,-9.893832,5
2220,88.66383,-7.909438,9
2221,54.22847,-16.32238,0
2222,71.32836,2.896152,15
2223,77.83042,-5.410922,3
2224,72.29527,-1.643808,18
2225,60.87722,-22.1124,20
2226,90.33483,-5.948239,12
2227,74.31378,-20.85082,14
2228,73.68492,-4.392175,4
2229,67.73081,-18.78214,16
2230,70.87401,-13.91332,15
2231,58.89813,-1.263629,20
2232,61.02102,-13.00759,17
2233,63.88495,4.276434,2
2234,60.26458,0.7716272,4
2235,70.30639,-11.66815,7
2236,73.19178,-4.823114,0
2237,58.26951,-13.58154,16
2238,73.826,-5.296699,12
2239,76.70216,-7.703344,12
2240,69.07478,2.692738,16
2241,55.76127,-27.63965,0
2242,84.63778,0.841825,2
2243,74.96148,11.91875,1
2244,57.6636,-23.91239,10
2245,64.04885,-6.910765,8
2246,71.5033,-0.02369585,20
2247,82.15275,-21.6081,11
2248,63.34114,-25.3215,16
2249,73.77465,-8.064701,19
2250,72.78902,-25.23712,13
2251,60.628,-17.69653,8
2252,70.46724,-13.25096,6
2253,71.33598,-35.30176,4
2254,78.18223,-4.003611,7
2255,65.29634,-14.71507,5
2256,79.06381,-17.52429,1
2257,59.79717,-15.80204,6
2258,77.98643,0.14855,5
2259,79.18679,-22.84098,5
2260,61.1682,-17.87923,12
2261,73.55363,3.718564,14
2262,71.21541,-7.743013,7
2263,72.69725,-10.52523,12
2264,66.1658,8.654269,19
2265,66.57901,-7.96869,4
2266,77.53841,-7.255456,8
2267,68.90079,-1.174505,8
2268,75.15744,-4.303189,8
2269,60.93241,-19.6263,2
2270,70.77527,-15.19386,6
2271,61.57277,-19.84966,1
2272,74.40188,-12.65376,10
2273,76.09887,-8.812416,3
2274,63.0071,4.700768,11
2275,55.08188,-13.81331,11
2276,62.74949,-7.885534,2
2277,69.52172,-11.22383,18
2278,72.21619,1.537016,6
2279,86.36201,-19.03397,17
2280,57.06537,-8.751387,19
2281,65.3979,-1.594234,3
2282,62.21588,-17.88168,5
2283,66.55029,-26.34649,10
2284,63.71606,-2.147129,13
2285,61.24889,11.37515,8
2286,67.01504,-13.9139,19
2287,76.54024,7.571401,17
2288,51.77094,-18.34046,9
2289,85.88293,3.30276,7
2290,61.10013,-12.41815,0
2291,59.85202,-5.652476,10
2292,75.82624,-20.09061,11
2293,61.68382,-13.30922,0
2294,57.11461,-14.71895,2
2295,77.37225,-1.998448,10
2296,56.9189,-5.607814,19
2297,68.24066,-16.7783,13
2298,70.99341,-20.21861,12
2299,55.90017,-24.42781,19
2300,65.72708,-12.62672,11
2301,86.9104,-2.218481,20
2302,60.30796,-21.13974,17
2303,58.89599,-13.65608,4
2304,64.42315,2.896175,0
2305,68.26449,-1.292433,13
2306,60.80457,-16.41014,4
2307,74.24806,-23.90477,20
2308,68.40987,-1.351733,7
2309,75.19914,-17.88874,11
2310,53.99338,-16.79015,15
2311,64.66423,-11.21753,3
2312,78.41882,-8.131473,16
2313,90.1256,-24.57763,9
2314,78.52343,-23.97729,18
2315,69.83008,-6.202702,16
2316,76.66716,-10.95484,1
2317,73.33869,-14.50632,8
2318,54.61538,0.822026,15
2319,75.07177,2.72507,3
2320,72.55125,16.4744,14
2321,75.25325,4.462009,19
2322,63.05424,-12.70489,2
2323,74.84572,-6.913638,12
2324,81.29542,-18.13609,13
2325,86.43307,1.7146,9
2326,58.70364,-4.059786,16
2327,50.14929,-14.31598,3
2328,63.98909,-11.18955,7
2329,65.58124,-11.16373,9
2330,78.43384,1.611536,18
2331,81.6864,-7.565635,6
2332,71.32661,-24.2114,9
2333,56.50423,-0.6708519,8
2334,66.49155,-11.93227,9
2335,77.01996,-7.084207,17
2336,83.91402,-1.37213,9
2337,69.80927,-12.62827,12
2338,59.75429,1.039816,14
2339,97.82028,-16.56395,4
2340,91.93916,-1.150087,20
2341,67.92403,-17.03266,19
2342,61.81742,9.498615,11
2343,71.14845,-8.638981,16
2344,66.59299,-32.46637,13
2345,68.46967,-30.53499,2
2346,75.83458,-3.566499,19
2347,79.48316,-30.80059,5
2348,63.92749,-11.3843,6
2349,67.65975,-9.337537,6
2350,67.92516,4.484799,18
2351,65.09831,-11.52629,11
2352,70.69653,-15.15048,10
2353,77.50496,-9.722227,5
2354,88.75939,-10.3208,19
2355,66.10896,-26.77577,14
2356,48.80508,-22.4844,8
2357,77.87479,-5.751227,1
2358,74.65789,-8.919705,15
2359,82.11505,-1.623908,10
2360,73.36298,-14.60543,4
2361,71.40567,-4.340033,1
2362,58.62062,-10.19077,3
2363,65.29806,2.156136,14
2364,72.86081,-11.82809,2
2365,71.3769,-9.252214,15
2366,84.13732,8.626088,18
2367,70.62952,-29.13831,10
2368,74.71705,-17.16086,3
2369,69.74262,-8.386807,12
2370,72.60228,-4.416259,10
2371,62.13006,-22.79853,6
2372,60.11729,11.88867,4
2373,76.74555,-17.36389,14
2374,67.41577,-9.266467,0
2375,73.11009,-23.10049,3
2376,79.32548,-15.70281,12
2377,104.3766,4.351511,15
2378,66.86716,-19.87777,9
2379,89.33103,-12.80378,17
2380,35.74094,-24.00127,15
2381,76.09913,-18.21636,18
2382,69.3201,-5.764337,6
2383,64.45351,-9.646416,4
2384,81.06175,-21.19148,14
2385,58.83277,-3.300213,18
2386,59.77071,-6.573427,0
2387,69.73292,-22.09676,5
2388,66.791,-10.47102,4
2389,49.65516,-1.869738,9
2390,70.70066,-15.89514,9
2391,72.20053,-12.37627,16
2392,65.95326,-16.93183,1
2393,74.20015,-14.89715,13
2394,72.81212,-3.046355,5
2395,57.88044,-4.081336,8
2396,48.90072,-21.98084,2
2397,61.67483,4.149319,14
2398,72.80554,-5.543254,10
2399,82.24438,-8.71373,1
2400,68.85194,-0.9684211,1
2401,70.258,-5.573562,11
2402,51.29503,3.890627,10
2403,71.87862,1.95838,13
2404,74.26682,0.2268598,4
2405,73.88967,-4.138421,8
2406,72.43866,-8.70207,4
2407,68.84693,-4.473853,10
2408,67.4579,-11.51909,2
2409,63.23736,-4.332619,2
2410,67.04572,-8.749687,18
2411,61.14106,-20.12918,18
2412,59.06593,-36.59645,13
2413,63.0932,-9.511965,17
2414,64.19505,-4.122554,1
2415,69.14382,-6.864115,19
2416,68.2186,-13.96171,15
2417,80.78812,-21.61113,12
2418,62.15595,-5.59855,16
2419,76.2021,-0.3535414,4
2420,67.71612,-21.95391,4
2421,66.87748,-13.76373,14
2422,81.16841,-12.7322,17
2423,77.52612,-16.85477,10
2424,73.13333,-14.03496,8
2425,62.92608,-13.9975,1
2426,51.79126,6.185827,15
2427,69.15686,-9.004087,4
2428,62.27294,-7.576707,10
2429,62.86968,-8.90002,7
2430,59.75554,-18.64859,17
2431,55.93825,-5.324996,15
2432,63.37816,8.626922,15
2433,89.06512,-18.00787,15
2434,59.49207,-21.839,0
2435,63.0717,4.1653,9
2436,74.18266,-14.39385,6
2437,72.99597,-21.99502,15
2438,74.54878,0.68999,7
2439,72.79072,-13.42379,2
2440,68.58779,0.4890194,12
2441,83.4991,-3.712483,15
2442,85.60566,-2.347389,4
2443,49.33336,-16.45131,8
2444,80.25808,-17.90534,14
2445,73.99424,-3.416731,17
2446,71.49039,-32.68723,16
2447,75.56422,-35.10705,19
2448,50.77177,-5.560257,16
2449,63.31959,3.695687,10
2450,62.63376,-20.60124,0
2451,72.48474,-9.643281,8
2452,55.5865,-23.30693,17
2453,51.66027,-29.96612,18
2454,53.65475,-5.412206,12
2455,89.75272,-8.296798,6
2456,60.46186,2.98287,13
2457,80.376,-11.60401,11
2458,61.82472,-13.03964,6
2459,73.42504,-12.02837,0
2460,72.77863,1.591326,11
2461,67.30395,-22.65711,17
2462,71.1454,-6.820285,9
2463,91.37652,-10.32453,6
2464,70.45771,-2.015341,16
2465,65.35571,-2.156085,9
2466,86.14405,-6.644713,12
2467,40.98589,-20.96894,17
2468,85.28412,-16.27302,20
2469,84.69904,-11.24636,5
2470,78.1619,-22.53974,7
2471,63.30449,-7.136283,5
2472,50.9626,-0.5868152,14
2473,78.5982,-24.0221,10
2474,71.42413,-15.80383,10
2475,73.3584,1.431008,8
2476,63.5102,-10.89118,16
2477,64.3641,-38.68109,14
2478,79.91314,-16.89974,2
2479,70.61451,-13.64807,18
2480,77.37191,-29.6917,12
2481,62.43318,4.515735,1
2482,66.53034,-23.73638,9
2483,53.39924,-8.951078,11
2484,82.79707,-3.406174,1
2485,65.8034,-11.19213,11
2486,87.72446,-1.788042,0
2487,68.37877,-11.21265,9
2488,76.46407,1.250499,7
2489,67.35838,-1.977294,17
2490,89.75777,-20.19515,9
2491,71.4421,-6.040679,3
2492,74.56606,-8.156192,14
2493,68.46404,-7.432018,6
2494,78.44227,-13.59282,11
2495,73.10613,5.701017,5
2496,62.34706,-22.54894,7
2497,51.82533,-14.28696,19
2498,70.39661,-5.694306,0
2499,76.49829,-4.378538,3
2500,61.48431,-16.31903,15
2501,61.80352,1.297201,6
2502,76.0211,-7.230398,5
2503,60.64451,7.604861,0
2504,71.70814,-12.86116,10
2505,76.83708,-18.12474,16
2506,78.40622,-18.09712,3
2507,68.72024,-23.95237,19
2508,50.06301,-20.20353,0
2509,87.69692,-11.42972,7
2510,86.99997,4.574135,16
2511,68.19161,-20.04976,4
2512,68.08471,-28.09651,0
2513,64.0625,-10.7499,15
2514,74.93968,-13.94003,10
2515,74.13194,-7.691431,6
2516,67.39908,-22.57539,4
2517,73.78174,0.6641589,6
2518,55.11437,-11.70788,1
2519,82.80132,-13.10405,15
2520,61.3069,7.839162,16
2521,66.26919,-2.282228,11
2522,59.19792,-11.32849,14
2523,62.44526,-30.15219,16
2524,49.19779,-11.71951,20
2525,72.94774,-8.344704,9
2526,59.87773,-5.742763,5
2527,73.47509,-4.283149,4
2528,85.36645,-16.46919,5
2529,69.38539,-1.906945,5
2530,62.15073,-5.052795,9
2531,64.23726,-13.3351,15
2532,72.92104,0.791644,1
2533,77.48227,-23.13051,6
2534,77.34316,3.181548,5
2535,69.85361,-9.066127,11
2536,70.68102,-3.58606,7
2537,84.16232,-24.39767,6
2538,57.46576,4.544234,8
2539,63.88039,1.74088,15
2540,92.76103,1.320703,4
2541,86.41515,-12.48442,19
2542,63.23813,0.6457113,12
2543,72.81642,-17.78091,11
2544,52.98323,1.240638,4
2545,66.03696,-15.12986,20
2546,63.82113,-8.541133,7
2547,84.74937,-21.77988,2
2548,66.82718,-18.49357,8
2549,66.8739,-7.117552,5
2550,90.11309,-13.73802,20
2551,43.88975,-13.82,11
2552,81.08251,-12.44169,17
2553,62.29297,-16.46992,13
2554,58.55329,-23.56855,7
2555,56.00959,8.877159,7
2556,76.57934,-6.173397,15
2557,82.2019,-6.965297,11
2558,73.04178,-14.76294,5
2559,69.56355,-12.55183,3
2560,52.04093,-14.04998,2
2561,73.3532,-7.789966,16
2562,63.90973,-12.61178,18
2563,50.83435,-1.439128,0
2564,72.19453,-16.44232,7
2565,74.73565,-25.90802,20
2566,68.85865,-10.91415,16
2567,80.10725,-4.844485,15
2568,73.59379,-2.30054,6
2569,64.91755,-17.79653,20
2570,69.18629,-1.345729,17
2571,56.67511,-19.89974,0
2572,63.84701,7.070253,6
2573,73.52853,-4.305105,18
2574,77.77298,-20.97871,6
2575,66.58747,-16.51202,8
2576,74.68619,-13.78516,16
2577,82.44135,-3.198811,16
2578,52.30627,-19.96528,5
2579,69.2922,-8.165172,5
2580,64.40332,11.5388,5
2581,87.83745,-5.797536,5
2582,73.06476,2.346044,0
2583,58.63267,1.1054,11
2584,74.55995,-14.94582,13
2585,74.27044,-21.81354,16
2586,50.25447,-9.793256,10
2587,62.09312,-22.10528,6
2588,87.61305,0.8871884,5
2589,79.40338,3.454682,7
2590,77.56643,17.25978,19
2591,87.67891,-5.012097,2
2592,67.52089,0.5997717,0
2593,79.92055,-2.785855,2
2594,71.32548,-6.040786,3
2595,57.68811,-26.8179,0
2596,85.23694,-7.594193,0
2597,64.65368,-8.68329,6
2598,61.31142,11.2666,2
2599,59.06764,7.588652,15
2600,87.76017,-11.61341,19
2601,68.24614,-26.37716,10
2602,64.45452,-2.222824,4
2603,65.53308,-29.09276,3
2604,63.89614,-19.10272,12
2605,80.11442,13.05422,20
2606,53.4408,-4.50005,6
2607,71.92873,-16.93747,1
2608,61.59669,-10.75492,0
2609,66.93093,-13.78257,6
2610,50.34516,-9.613154,19
2611,72.01345,-13.67514,8
2612,83.8145,-24.73408,10
2613,78.27926,-0.2117256,13
2614,63.37316,-5.140422,1
2615,67.56707,1.263094,11
2616,78.30576,-2.315313,4
2617,64.15815,-9.960403,14
2618,58.67935,-5.187703,0
2619,84.99193,-25.74853,15
2620,66.11341,-4.922376,20
2621,74.52394,-1.039614,19
2622,70.64279,-8.465358,14
2623,89.6064,0.470834,10
2624,76.0323,-3.837667,10
2625,75.88329,-11.40071,4
2626,91.41507,-18.58123,16
2627,75.96584,-5.74556,19
2628,56.82018,-18.1518,12
2629,65.26213,-1.156317,2
2630,72.5354,-20.20325,1
2631,42.97974,-8.860008,7
2632,58.11489,-18.28166,13
2633,73.26022,-11.98803,1
2634,77.94697,-12.41635,9
2635,71.2361,-8.819086,3
2636,80.56624,7.036737,13
2637,88.41406,-13.11624,17
2638,72.93951,-8.774334,7
2639,71.42486,-6.568674,10
2640,85.37737,-2.574961,8
2641,60.69893,4.760236,18
2642,84.41388,-6.605288,11
2643,78.85013,-11.48461,5
2644,72.23627,-3.34833,10
2645,79.51451,-7.224457,15
2646,70.81757,-20.52531,2
2647,79.3355,-17.01338,4
2648,83.92007,-18.97531,17
2649,64.99888,-4.225446,19
2650,70.30046,4.675978,15
2651,72.4469,-14.50134,4
2652,65.32914,-20.57936,10
2653,69.68672,-8.770884,8
2654,82.80947,-2.210701,1
2655,66.12637,-24.65817,17
2656,74.31614,0.4964872,20
2657,62.74274,-19.14187,8
2658,66.71625,-1.28301,1
2659,52.76581,2.249599,12
2660,64.23697,2.673515,6
2661,82.93062,-20.18061,20
2662,36.50027,-21.49223,8
2663,103.9198,-25.94061,14
2664,78.92066,-12.20063,6
2665,71.31289,4.678265,17
2666,70.89019,15.4043,4
2667,87.70451,-15.3165,15
2668,58.66569,-4.894761,8
2669,65.94133,-0.4717233,9
2670,53.61497,-20.94196,12
2671,80.81969,-30.37179,4
2672,67.59589,-2.237453,13
2673,70.45368,-14.35,5
2674,52.61427,-5.968235,2
2675,67.05727,-18.36929,20
2676,80.33527,10.0038,16
2677,65.81659,-7.695396,5
2678,58.66797,-6.653395,20
2679,63.55366,-33.60001,8
2680,72.77927,-2.60152,11
2681,70.05731,-6.740457,20
2682,63.67471,-19.57441,19
2683,61.41443,-12.56155,9
2684,59.91931,-11.40836,19
2685,54.54313,-9.975537,5
2686,70.58784,-9.452148,9
2687,53.50132,-11.88279,14
2688,72.78958,-28.22006,17
2689,76.30181,-6.231672,2
2690,51.48873,-31.35942,15
2691,82.67635,-19.14385,16
2692,64.73662,-20.46305,7
2693,89.92531,-10.70861,9
2694,82.33732,-6.081996,4
2695,67.7835,-13.78307,9
2696,82.0141,8.581901,13
2697,65.64449,-3.324757,12
2698,58.89835,-22.79558,17
2699,50.28286,4.203121,8
2700,68.29051,-13.59784,20
2701,85.31325,-9.977645,15
2702,93.10153,-14.48068,6
2703,64.6744,-1.08624,8
2704,72.97454,0.8260532,1
2705,74.51596,-9.207847,10
2706,68.41306,-2.750809,16
2707,75.30674,-4.204458,19
2708,53.84029,-12.40979,18
2709,67.35263,-0.3542486,0
2710,67.39329,-32.9488,19
2711,56.93941,-4.871946,18
2712,69.12279,5.317039,12
2713,57.22761,-5.167954,13
2714,76.05929,-5.569526,4
2715,59.81583,-4.150285,16
2716,64.30557,-27.2714,5
2717,59.1149,-16.25977,13
2718,91.61397,-12.11007,1
2719,78.31008,-16.3773,7
2720,68.59947,0.7928145,0
2721,68.01685,1.108887,1
2722,82.84614,-12.49169,13
2723,49.51263,-0.5111645,9
2724,69.8973,-34.17,9
2725,84.17337,-4.631359,19
2726,78.89444,-24.29788,16
2727,70.69758,9.444025,10
2728,61.77013,-19.68894,20
2729,78.0163,4.23549,14
2730,73.54946,-16.09942,11
2731,55.73493,-12.74454,16
2732,65.89819,13.69386,6
2733,57.39889,-13.82744,18
2734,63.04364,-27.31653,20
2735,90.12375,-18.2544,7
2736,64.38116,-23.61167,12
2737,63.44825,-5.62352,13
2738,72.94678,-17.25217,1
2739,52.57834,-13.12009,6
2740,63.63273,5.738944,19
2741,71.99254,-10.99059,2
2742,72.39277,-4.811533,15
2743,79.11701,-4.512673,10
2744,51.93237,-17.86623,7
2745,70.43403,-21.59988,16
2746,73.80844,-2.224638,6
2747,81.84084,-19.73066,3
2748,60.51824,-7.986829,16
2749,76.27817,-26.23452,8
2750,72.43248,-18.91511,7
2751,68.76535,1.418947,15
2752,60.72785,2.763541,18
2753,68.29949,-11.58326,16
2754,71.62149,-26.87554,5
2755,70.59952,-5.845408,4
2756,80.10539,-10.8262,9
2757,70.75399,10.09409,9
2758,61.23998,-21.44423,14
2759,68.3528,8.337489,9
2760,61.51666,-12.43442,6
2761,71.43109,-0.006148352,19
2762,62.02735,-24.19875,15
2763,61.78095,1.968633,0
2764,98.66974,-2.164127,17
2765,73.01436,-1.722455,19
2766,82.94384,-0.9408177,4
2767,80.52203,-13.20871,12
2768,53.52886,-3.686721,3
2769,70.67194,-0.7722773,12
2770,56.81425,-13.70458,20
2771,72.37652,-26.52538,11
2772,49.83153,-8.861414,19
2773,70.16466,-18.97082,17
2774,72.25542,17.13289,15
2775,69.0665,2.742776,12
2776,57.83613,-1.477452,2
2777,75.97397,-22.84942,18
2778,68.33255,0.6976613,18
2779,60.67356,-8.95394,19
2780,61.20472,-14.9268,18
2781,65.426,-8.987577,14
2782,77.37339,-3.91479,16
2783,65.88091,-24.6382,17
2784,68.68376,-26.48481,15
2785,83.17385,-11.66942,7
2786,69.57142,-1.19085,15
2787,87.76274,-12.09585,16
2788,64.25253,-4.659249,5
2789,58.7633,-9.553751,12
2790,87.6779,-14.57468,17
2791,84.77952,-28.19338,1
2792,44.48759,-28.91912,9
2793,71.15801,-4.96975,9
2794,81.11289,1.820294,5
2795,69.6739,-13.50128,18
2796,77.81984,-29.2818,6
2797,74.59189,-6.969018,14
2798,87.18534,-7.561814,10
2799,80.60636,4.67578,7
2800,84.97687,-20.77276,19
2801,79.38887,18.96587,8
2802,73.09005,-9.938504,16
2803,83.21137,-35.36076,4
2804,54.64416,-10.79429,6
2805,73.64229,-16.80874,18
2806,68.84037,-3.089466,14
2807,75.82528,-25.17796,8
2808,77.2142,-21.17232,20
2809,62.69973,-11.28403,5
2810,65.87854,-18.35437,11
2811,65.8312,-12.80048,14
2812,69.75814,-6.189078,1
2813,68.61625,-15.98461,17
2814,64.98134,-16.78327,11
2815,64.85876,-9.286581,8
2816,66.79546,-17.6295,1
2817,43.56437,-14.07815,0
2818,68.28453,-0.05283603,8
2819,53.97722,-18.11732,19
2820,72.37554,-14.15102,0
2821,45.12958,6.069386,20
2822,79.23594,-7.783267,11
2823,67.89267,-20.79489,11
2824,77.45593,-6.610437,10
2825,67.28255,-3.456408,0
2826,77.23093,-4.179791,15
2827,77.14531,-16.25022,4
2828,60.35104,-16.18723,0
2829,65.31193,-16.61032,10
2830,77.93611,-32.70189,8
2831,79.88167,-9.25513,11
2832,64.06412,-5.053665,9
2833,55.65335,-2.352454,16
2834,60.33708,-0.5121532,5
2835,69.20068,-13.57959,1
2836,62.69723,-10.16704,18
2837,66.39989,-5.404058,9
2838,60.86256,-17.94243,17
2839,74.03131,-25.69833,11
2840,82.44264,-17.38876,5
2841,71.05727,-20.94383,17
2842,80.91493,-5.505733,12
2843,74.19766,-3.398674,6
2844,73.76104,-9.804844,13
2845,69.15085,-27.33672,5
2846,73.74459,-22.24747,15
2847,93.63296,-10.36324,5
2848,72.05005,-1.98867,3
2849,79.09497,-17.7693,18
2850,52.66147,-12.10119,13
2851,91.25622,-26.76765,5
2852,69.69169,-7.789096,12
2853,47.71091,-6.095375,7
2854,55.00807,11.56722,4
2855,67.68167,-9.785644,5
2856,65.44644,-12.13077,2
2857,84.56817,-6.077383,8
2858,97.56903,-14.44639,20
2859,53.24852,-11.41788,2
2860,67.16991,-4.073038,17
2861,62.42045,-16.2767,0
2862,59.63564,-37.79037,9
2863,78.52355,-6.868666,1
2864,68.07284,-9.450905,5
2865,64.40905,-17.32569,18
2866,83.58873,-10.16413,18
2867,83.71054,-7.567408,15
2868,76.59972,-8.598391,20
2869,65.59871,-5.515496,19
2870,64.16531,-8.239429,17
2871,72.31848,-28.37739,0
2872,72.89074,-13.08401,10
2873,71.85983,-7.281507,10
2874,74.98594,4.9548,4
2875,68.01299,-12.93427,15
2876,71.72321,-7.872746,5
2877,85.0203,-22.10981,5
2878,66.09438,0.7196266,2
2879,85.76525,-15.94158,8
2880,75.29033,-20.52493,1
2881,69.05731,-16.42671,19
2882,84.21595,-13.29946,6
2883,69.43209,-7.778993,12
2884,69.3489,-16.70996,3
2885,67.496,0.7695373,17
2886,54.37956,-2.373576,20
2887,55.37194,-8.759966,0
2888,65.99169,-4.956535,9
2889,82.59654,-29.84639,6
2890,80.10463,-11.9095,2
2891,62.44377,-16.1361,11
2892,87.34288,-11.94191,8
2893,63.13534,-32.47361,0
2894,80.38442,-12.19301,8
2895,53.62364,-20.69438,14
2896,70.99268,-3.287801,9
2897,92.67575,-16.18462,10
2898,65.15415,-7.422444,7
2899,79.33412,-22.18659,20
2900,69.03038,-13.70663,20
2901,85.09824,-11.31437,13
2902,75.07559,-1.20056,20
2903,74.90408,-31.59422,4
2904,51.66653,5.64022,11
2905,77.56271,-12.51884,2
2906,83.9768,-15.20381,6
2907,52.63898,0.2466355,8
2908,64.80269,-19.89357,20
2909,60.91487,-5.64697,5
2910,76.31144,-13.2713,0
2911,72.70005,-17.95129,1
2912,54.85474,-4.231365,4
2913,60.46303,-11.15464,4
2914,73.09839,-14.09135,16
2915,58.33049,-24.54733,11
2916,78.08799,4.297182,3
2917,61.18767,-32.67201,4
2918,76.27331,-27.69607,9
2919,67.0222,-35.01962,9
2920,83.54788,1.910021,7
2921,54.19945,-13.45955,1
2922,67.80528,4.444605,16
2923,87.90198,14.85406,0
2924,62.05761,-0.1845935,6
2925,67.43387,-4.600472,16
2926,51.20422,-7.37377,10
2927,83.53147,-4.596114,12
2928,63.07033,-10.09449,11
2929,62.59971,-7.99627,16
2930,68.3894,-1.819404,18
2931,75.60424,-8.007767,18
2932,51.39455,-7.560444,0
2933,54.05743,-30.14147,13
2934,54.21433,0.976269,5
2935,66.1136,-2.307693,17
2936,72.98232,-21.41706,19
2937,63.47237,0.4243742,3
2938,67.75566,-3.700921,1
2939,59.91527,-4.502811,20
2940,59.59558,19.35797,15
2941,74.9352,2.191131,15
2942,59.33881,-18.74531,1
2943,79.36212,5.214438,9
2944,82.11814,-13.61926,10
2945,83.82712,-38.7955,1
2946,74.61884,-11.33446,16
2947,61.73203,-5.572901,5
2948,68.48677,-23.12137,13
2949,69.30094,-27.30873,1
2950,56.70621,-17.45695,8
2951,71.53534,0.8623792,19
2952,76.21033,7.055012,9
2953,63.84636,-17.7283,4
2954,66.25222,-3.913034,7
2955,81.44768,-24.24757,8
2956,62.67937,-20.08821,6
2957,54.33532,1.649464,17
2958,75.66274,-15.75875,17
2959,80.03555,-14.61174,10
2960,60.50964,-18.80588,8
2961,69.59802,-15.57155,13
2962,63.66285,-30.48215,17
2963,56.05253,-7.357508,2
2964,64.07648,-4.398561,18
2965,64.70491,-10.37657,9
2966,80.56889,14.50799,7
2967,86.61128,-7.867749,16
2968,76.73148,-16.83939,15
2969,68.25068,-7.142002,0
2970,83.53589,-22.03176,4
2971,84.63376,-10.65431,7
2972,59.70858,-7.02261,7
2973,66.62059,0.2782472,16
2974,79.4429,-20.8802,4
2975,59.14149,-3.268589,11
2976,62.93142,-9.67255,7
2977,76.28171,6.197267,14
2978,81.7813,-17.89441,8
2979,49.64519,-20.29111,12
2980,58.37999,-12.982,7
2981,74.68241,-22.74285,13
2982,88.04622,2.73894,12
2983,41.72015,-7.237918,14
2984,61.91275,-12.98729,5
2985,74.79148,-17.63764,17
2986,61.99087,-15.7656,1
2987,82.01159,-18.70377,19
2988,78.71038,-15.10186,8
2989,85.51906,-22.09427,11
2990,76.5364,-11.39254,6
2991,48.34201,-9.15055,16
2992,69.69287,-7.067629,14
2993,79.86285,-16.01771,3
2994,69.80298,4.93805,4
2995,83.65175,-18.73922,13
2996,85.6528,-6.461061,11
2997,82.77088,-2.373299,1
2998,64.46532,-10.50136,1
2999,90.72282,-12.25584,19
3000,64.87976,-24.87731,11
